HP_CD_VAL_ENTITY,HP_CD_VAL_ATTR,HP_CD_VAL_CODE,NAME,DESCRIPTION
HP_ACCIDENT,ACCIDENT_SEVERITY,1,ACCIDENT SEVERITY,FATAL
HP_ACCIDENT,ACCIDENT_SEVERITY,2,ACCIDENT SEVERITY,PERSONAL INJURY
HP_ACCIDENT,ACCIDENT_SEVERITY,3,ACCIDENT SEVERITY,PROPERTY DAMAGE
HP_ACCIDENT,ACCIDENT_TYPE,01,ACCIDENT TYPE,ANIMAL
HP_ACCIDENT,ACCIDENT_TYPE,02,ACCIDENT TYPE,PEDALCYCLE
HP_ACCIDENT,ACCIDENT_TYPE,03,ACCIDENT TYPE,FIXED OBJECT 
HP_ACCIDENT,ACCIDENT_TYPE,04,ACCIDENT TYPE,OTHER OBJECT 
HP_ACCIDENT,ACCIDENT_TYPE,05,ACCIDENT TYPE,PEDESTRIAN 
HP_ACCIDENT,ACCIDENT_TYPE,06,ACCIDENT TYPE,RAILWAY VEHICLE
HP_ACCIDENT,ACCIDENT_TYPE,07,ACCIDENT TYPE,MOTOR VEHICLE IN TRANSPORT 
HP_ACCIDENT,ACCIDENT_TYPE,08,ACCIDENT TYPE,MOTOR VEHICLE ON OTHER ROADWAY
HP_ACCIDENT,ACCIDENT_TYPE,09,ACCIDENT TYPE,PARKED MOTOR VEHICLE 
HP_ACCIDENT,ACCIDENT_TYPE,10,ACCIDENT TYPE,OVERTURN
HP_ACCIDENT,ACCIDENT_TYPE,11,ACCIDENT TYPE,OTHER NON COLLISION
HP_ACCIDENT,ACCIDENT_TYPE,12,ACCIDENT TYPE,ANIMAL DRAWN VEH / ANIMAL RIDDEN TRANS
HP_ACCIDENT,ACCIDENT_TYPE,13,ACCIDENT TYPE,WORKING MOTOR VEHICLE
HP_ACCIDENT,ACCIDENT_TYPE,14,ACCIDENT TYPE,FIRE / EXPLOSION
HP_ACCIDENT,ACCIDENT_TYPE,15,ACCIDENT TYPE,IMMERSION
HP_ACCIDENT,ACCIDENT_TYPE,16,ACCIDENT TYPE,JACKKNIFE
HP_ACCIDENT,ACCIDENT_TYPE,17,ACCIDENT TYPE,FELL / JUMPED FROM MV
HP_ACCIDENT,ACCIDENT_TYPE,18,ACCIDENT TYPE,CARGO / EQUIP LOSS / SHIFT
HP_ACCIDENT,AREA_CLASS,1,AREA CLASS,"URBAN (POPULATION > =  5,000)"
HP_ACCIDENT,AREA_CLASS,2,AREA CLASS,"RURAL (POPULATION < 5,000)"
HP_ACCIDENT,AT_INTERSECTION_QUADRANT,1,QUADRANT,QUADRANT 1
HP_ACCIDENT,AT_INTERSECTION_QUADRANT,2,QUADRANT,QUADRANT 2
HP_ACCIDENT,AT_INTERSECTION_QUADRANT,3,QUADRANT,QUADRANT 3
HP_ACCIDENT,AT_INTERSECTION_QUADRANT,4,QUADRANT,QUADRANT 4
HP_ACCIDENT,AT_INTERSECTION_QUADRANT,5,QUADRANT,EXACT MIDDLE
HP_ACCIDENT,AT_INTERSECTION_QUADRANT,6,QUADRANT,QUADRANT UNKNOWN
HP_ACCIDENT,DAY_OF_WEEK,1,DAY OF WEEK,SUNDAY
HP_ACCIDENT,DAY_OF_WEEK,2,DAY OF WEEK,MONDAY
HP_ACCIDENT,DAY_OF_WEEK,3,DAY OF WEEK,TUESDAY
HP_ACCIDENT,DAY_OF_WEEK,4,DAY OF WEEK,WEDNESDAY
HP_ACCIDENT,DAY_OF_WEEK,5,DAY OF WEEK,THURSDAY
HP_ACCIDENT,DAY_OF_WEEK,6,DAY OF WEEK,FRIDAY
HP_ACCIDENT,DAY_OF_WEEK,7,DAY OF WEEK,SATURDAY
HP_ACCIDENT,DAY_OF_WEEK,9,DAY OF WEEK,UNKNOWN
HP_ACCIDENT,DIRECTIONAL_ANALYSIS,00,DIRECTIONAL ANALYSIS,ENTERING FROM AN ANGLE
HP_ACCIDENT,DIRECTIONAL_ANALYSIS,01,DIRECTIONAL ANALYSIS,GOING SAME DIRECTION-BOTH STRAIGHT
HP_ACCIDENT,DIRECTIONAL_ANALYSIS,02,DIRECTIONAL ANALYSIS,GOING STRAIGHT-ONE TURNING
HP_ACCIDENT,DIRECTIONAL_ANALYSIS,03,DIRECTIONAL ANALYSIS,GOING SAME DIRECTION-ONE STOPPED
HP_ACCIDENT,DIRECTIONAL_ANALYSIS,04,DIRECTIONAL ANALYSIS,GOING SAME DIRECTION-ALL OTHERS
HP_ACCIDENT,DIRECTIONAL_ANALYSIS,05,DIRECTIONAL ANALYSIS,GOING OPPOSITE DIRECTIONS-BOTH STRAIGHT
HP_ACCIDENT,DIRECTIONAL_ANALYSIS,06,DIRECTIONAL ANALYSIS,GOING OPPOSITE DIRECTIONS-ONE TURNING LEFT
HP_ACCIDENT,DIRECTIONAL_ANALYSIS,07,DIRECTIONAL ANALYSIS,GOING OPPOSITE DIRECTIONS -ALL OTHERS
HP_ACCIDENT,DIRECTIONAL_ANALYSIS,10,DIRECTIONAL ANALYSIS,GOING SAME DIRECTION-BOTH MOVING
HP_ACCIDENT,DIRECTIONAL_ANALYSIS,11,DIRECTIONAL ANALYSIS,GOING OPPOSITE DIRECTION-BOTH MOVING
HP_ACCIDENT,DIRECTIONAL_ANALYSIS,12,DIRECTIONAL ANALYSIS,ONE CAR PARKED
HP_ACCIDENT,DIRECTIONAL_ANALYSIS,13,DIRECTIONAL ANALYSIS,ONE CAR STOPPED IN TRAFFIC
HP_ACCIDENT,DIRECTIONAL_ANALYSIS,14,DIRECTIONAL ANALYSIS,ONE CAR ENTERING PARKED POSITION
HP_ACCIDENT,DIRECTIONAL_ANALYSIS,15,DIRECTIONAL ANALYSIS,ONE CAR LEAVING PARKED POSITION
HP_ACCIDENT,DIRECTIONAL_ANALYSIS,16,DIRECTIONAL ANALYSIS,ONE CAR ENTERING DRIVEWAY
HP_ACCIDENT,DIRECTIONAL_ANALYSIS,17,DIRECTIONAL ANALYSIS,ONE CAR LEAVING DRIVEWAY
HP_ACCIDENT,DIRECTIONAL_ANALYSIS,18,DIRECTIONAL ANALYSIS,OTHER
HP_ACCIDENT,DIRECTIONAL_ANALYSIS,71,NON-COLLISION,FIRE/EXPLOSION
HP_ACCIDENT,DIRECTIONAL_ANALYSIS,72,NON-COLLISION,IMMERSION
HP_ACCIDENT,DIRECTIONAL_ANALYSIS,73,NON-COLLISION,JACKKNIFE
HP_ACCIDENT,DIRECTIONAL_ANALYSIS,74,NON-COLLISION,OTHER NON-COLLISION (NOT OVERTURNING)
HP_ACCIDENT,DIRECTIONAL_ANALYSIS,99,DIRECTIONAL ANALYSIS,UNKNOWN
HP_ACCIDENT,HIGHWAY_CLASS,A,HIGHWAY CODE,INTERSTATE
HP_ACCIDENT,HIGHWAY_CLASS,B,HIGHWAY CODE,U.S. HIGHWAY
HP_ACCIDENT,HIGHWAY_CLASS,C,HIGHWAY CODE,U.S. ALTERNATE
HP_ACCIDENT,HIGHWAY_CLASS,D,HIGHWAY CODE,STATE NUMBERED ROUTE
HP_ACCIDENT,HIGHWAY_CLASS,E,HIGHWAY CODE,STATE NUMBERED ALTERNATE
HP_ACCIDENT,HIGHWAY_CLASS,F,HIGHWAY CODE,"US BUSINESS BUSINESS ROUTE, SPUR"
HP_ACCIDENT,HIGHWAY_CLASS,G,HIGHWAY CODE,"STATE BUSINESS BUSINESS ROUTE, SPUR"
HP_ACCIDENT,HIGHWAY_CLASS,H,HIGHWAY CODE,SINGLE STATE LETTERED
HP_ACCIDENT,HIGHWAY_CLASS,I,HIGHWAY CODE,DOUBLE STATE LETTERED
HP_ACCIDENT,HIGHWAY_CLASS,J,HIGHWAY_CLASS,OUTER ROAD
HP_ACCIDENT,HIGHWAY_CLASS,K,HIGHWAY_CLASS,COUNTY ROAD
HP_ACCIDENT,HIGHWAY_CLASS,L,HIGHWAY_CLASS,CITY STREET
HP_ACCIDENT,HIGHWAY_CLASS,M,HIGHWAY_CLASS,INTERSTATE LOOP
HP_ACCIDENT,HIGHWAY_CLASS,N,HIGHWAY_CLASS,OTHER/UNKNOWN
HP_ACCIDENT,INTERCHANGE,1,MODOT INTERCHANGE,
HP_ACCIDENT,INTERCHANGE,2,MODOT INTERCHANGE,
HP_ACCIDENT,INTERCHANGE,3,MODOT INTERCHANGE,
HP_ACCIDENT,INTERCHANGE,4,MODOT INTERCHANGE,
HP_ACCIDENT,INTERCHANGE,5,MODOT INTERCHANGE,
HP_ACCIDENT,INTERCHANGE,6,MODOT INTERCHANGE,
HP_ACCIDENT,INTERCHANGE,9,MODOT INTERCHANGE,
HP_ACCIDENT,INTERSECTION_LOCATION,A,INTERSECTION LOCATION,AFTER
HP_ACCIDENT,INTERSECTION_LOCATION,B,INTERSECTION_LOCATION,BEFORE
HP_ACCIDENT,INTERSECTION_LOCATION,N,INTERSECTION LOCATION,NA
HP_ACCIDENT,INTRSC_DIR,E,INTRSC DIR,EAST
HP_ACCIDENT,INTRSC_DIR,N,INTRSC DIR,NORTH
HP_ACCIDENT,INTRSC_DIR,NA,INTRSC DIR,NOT APPLICABLE
HP_ACCIDENT,INTRSC_DIR,S,INTRSC DIR,SOUTH
HP_ACCIDENT,INTRSC_DIR,U,INTRSC DIR,UNKNOWN
HP_ACCIDENT,INTRSC_DIR,W,INTRSC DIR,WEST
HP_ACCIDENT,INTRSC_TYPE,01,INTRSC TYPE,NOT AT INTERSECTION
HP_ACCIDENT,INTRSC_TYPE,02,INTRSC TYPE,4-WAY INTERSECTION
HP_ACCIDENT,INTRSC_TYPE,03,INTRSC TYPE,T-INTERSECTION
HP_ACCIDENT,INTRSC_TYPE,04,INTRSC_TYPE,Y-INTERSECTION
HP_ACCIDENT,INTRSC_TYPE,05,INTRSC TYPE,ROUNDABOUT
HP_ACCIDENT,INTRSC_TYPE,06,INTRSC TYPE,5-WAY / MORE
HP_ACCIDENT,INTRSC_TYPE,07,INTRSC TYPE,OTHER
HP_ACCIDENT,INTRSC_TYPE,U,INTRSC TYPE,UNKNOWN
HP_ACCIDENT,INVESTIGATED_AT_SCENE_IND,N,INVESTIGATED AT SCENE IND,CRASH NOT INVESTIGATED AT SCENE
HP_ACCIDENT,INVESTIGATED_AT_SCENE_IND,Y,INVESTIGATED AT SCENE IND,CRASH INVESTIGATED AT SCENE
HP_ACCIDENT,IS_BUSINESS LOOPS,155,IS_BUSINESS LOOPS,IS_BUSINESS LOOP 155
HP_ACCIDENT,IS_BUSINESS LOOPS,170,IS_BUSINESS LOOPS,IS_BUSINESS LOOP 170
HP_ACCIDENT,IS_BUSINESS LOOPS,229,IS_BUSINESS LOOPS,IS_BUSINESS LOOP 229
HP_ACCIDENT,IS_BUSINESS LOOPS,255,IS_BUSINESS LOOPS,IS_BUSINESS LOOP 225
HP_ACCIDENT,IS_BUSINESS LOOPS,270,IS_BUSINESS LOOPS,IS_BUSINESS LOOP 270
HP_ACCIDENT,IS_BUSINESS LOOPS,29,IS_BUSINESS LOOPS,IS_BUSINESS LOOP 29
HP_ACCIDENT,IS_BUSINESS LOOPS,35,IS_BUSINESS LOOPS,IS_BUSINESS LOOP 35
HP_ACCIDENT,IS_BUSINESS LOOPS,435,IS_BUSINESS LOOPS,IS_BUSINESS LOOP 435
HP_ACCIDENT,IS_BUSINESS LOOPS,44,IS_BUSINESS LOOPS,IS_BUSINESS LOOP 44
HP_ACCIDENT,IS_BUSINESS LOOPS,470,IS_BUSINESS LOOPS,IS_BUSINESS LOOP 470
HP_ACCIDENT,IS_BUSINESS LOOPS,55,IS_BUSINESS LOOPS,IS_BUSINESS LOOP 55
HP_ACCIDENT,IS_BUSINESS LOOPS,57,IS_BUSINESS LOOPS,IS_BUSINESS LOOP 57
HP_ACCIDENT,IS_BUSINESS LOOPS,635,IS_BUSINESS LOOPS,IS_BUSINESS LOOP 635
HP_ACCIDENT,IS_BUSINESS LOOPS,64,IS_BUSINESS LOOPS,IS_BUSINESS LOOP 64
HP_ACCIDENT,IS_BUSINESS LOOPS,670,IS_BUSINESS LOOPS,IS_BUSINESS LOOP 670
HP_ACCIDENT,IS_BUSINESS LOOPS,70,IS_BUSINESS LOOPS,IS_BUSINESS LOOP 70
HP_ACCIDENT,IS_HIGHWAYS,155,IS_HIGHWAYS,IS_HIGHWAY 155
HP_ACCIDENT,IS_HIGHWAYS,170,IS_HIGHWAYS,IS_HIGHWAY 170
HP_ACCIDENT,IS_HIGHWAYS,229,IS_HIGHWAYS,IS_HIGHWAY 229
HP_ACCIDENT,IS_HIGHWAYS,255,IS_HIGHWAYS,IS_HIGHWAY 255
HP_ACCIDENT,IS_HIGHWAYS,270,IS_HIGHWAYS,IS_HIGHWAY 270
HP_ACCIDENT,IS_HIGHWAYS,29,IS_HIGHWAYS,IS_HIGHWAY 29
HP_ACCIDENT,IS_HIGHWAYS,35,IS_HIGHWAYS,IS_HIGHWAY 35
HP_ACCIDENT,IS_HIGHWAYS,435,IS_HIGHWAYS,IS_HIGHWAY 435
HP_ACCIDENT,IS_HIGHWAYS,44,IS_HIGHWAYS,IS_HIGHWAY 44
HP_ACCIDENT,IS_HIGHWAYS,470,IS_HIGHWAYS,IS_HIGHWAY 470
HP_ACCIDENT,IS_HIGHWAYS,55,IS_HIGHWAYS,IS_HIGHWAY 55
HP_ACCIDENT,IS_HIGHWAYS,57,IS_HIGHWAYS,IS_HIGHWAY 57
HP_ACCIDENT,IS_HIGHWAYS,635,IS_HIGHWAYS,IS_HIGHWAY 635
HP_ACCIDENT,IS_HIGHWAYS,64,IS_HIGHWAYS,IS_HIGHWAY 64
HP_ACCIDENT,IS_HIGHWAYS,670,IS_HIGHWAYS,IS_HIGHWAY 670
HP_ACCIDENT,IS_HIGHWAYS,70,IS_HIGHWAYS,IS_HIGHWAY 70
HP_ACCIDENT,IS_HIGHWAYS,72,IS_HIGHWAYS,IS_HIGHWAY 72
HP_ACCIDENT,LIGHT_CONDITION,1,LIGHT CONDITION,DAYLIGHT
HP_ACCIDENT,LIGHT_CONDITION,2,LIGHT CONDITION,DARK - LIGHTED
HP_ACCIDENT,LIGHT_CONDITION,3,LIGHT CONDITION,DARK - UNLIGHTED
HP_ACCIDENT,LIGHT_CONDITION,4,LIGHT CONDITION,DARK - NO STREETLIGHTS
HP_ACCIDENT,LIGHT_CONDITION,5,LIGHT CONDITION,INDETERMINATE
HP_ACCIDENT,LIGHT_CONDITION,6,LIGHT CONDITION,DARK - UNKNOWN LIGHTING
HP_ACCIDENT,LIGHT_CONDITION,7,LIGHT CONDITION,OTHER
HP_ACCIDENT,LIGHT_CONDITION,N,LIGHT CONDITION,NA
HP_ACCIDENT,LIGHT_CONDITION,U,LIGHT CONDITION,UNKNOWN
HP_ACCIDENT,LOCATION_STATUS,HI,MODOT LOCATION STATUS,
HP_ACCIDENT,LOCATION_STATUS,HL,MODOT LOCATION STATUS,
HP_ACCIDENT,LOCATION_STATUS,NS,MODOT LOCATION STATUS, 
HP_ACCIDENT,LOCATION_STATUS,P,MODOT LOCATION STATUS,
HP_ACCIDENT,LOCATION_STATUS,PP,MODOT LOCATION STATUS,
HP_ACCIDENT,LOCATION_STATUS,PV,MODOT LOCATION STATUS,
HP_ACCIDENT,LOCATION_STATUS,UA,MODOT LOCATION STATUS,
HP_ACCIDENT,LOCATION_STATUS,UL,MODOT LOCATION STATUS,
HP_ACCIDENT,LONG_SHORT_FORM,L,LONG SHORT FORM, LONG FORM
HP_ACCIDENT,LONG_SHORT_FORM,N,LONG SHORT FORM, NON-TRAFFIC ACCIDENT
HP_ACCIDENT,LONG_SHORT_FORM,S,LONG SHORT FORM, SHORT FORM
HP_ACCIDENT,ON_LOCATION_DIRECTION,E,DIRECTION,EAST
HP_ACCIDENT,ON_LOCATION_DIRECTION,N,DIRECTION,NORTH
HP_ACCIDENT,ON_LOCATION_DIRECTION,NA,ON LOCATION DIRECTION,NOT APPLICABLE
HP_ACCIDENT,ON_LOCATION_DIRECTION,S,DIRECTION,SOUTH
HP_ACCIDENT,ON_LOCATION_DIRECTION,U,ON LOCATION DIRECTION,UNKNOWN
HP_ACCIDENT,ON_LOCATION_DIRECTION,W,DIRECTION,WEST
HP_ACCIDENT,ON_OFF_ROADWAY,1,ON OFF ROADWAY,ON ROADWAY
HP_ACCIDENT,ON_OFF_ROADWAY,2,ON OFF ROADWAY,OFF ROADWAY
HP_ACCIDENT,ROAD_ALIGNMENT,1,ROAD ALIGNMENT,STRAIGHT
HP_ACCIDENT,ROAD_ALIGNMENT,2,ROAD ALIGNMENT,CURVE
HP_ACCIDENT,ROAD_ALIGNMENT,4,ROAD ALIGNMENT,NA
HP_ACCIDENT,ROAD_ALIGNMENT,U,ROAD ALIGNMENT,UNKNOWN
HP_ACCIDENT,ROAD_CONDITION,1,ROAD CONDITION,DRY
HP_ACCIDENT,ROAD_CONDITION,10,ROAD CONDITION,SAND / GRAVEL
HP_ACCIDENT,ROAD_CONDITION,2,ROAD CONDITION,WET
HP_ACCIDENT,ROAD_CONDITION,3,ROAD CONDITION,SNOW
HP_ACCIDENT,ROAD_CONDITION,4,ROAD CONDITION,ICE / FROST
HP_ACCIDENT,ROAD_CONDITION,5,ROAD CONDITION,SLUSH
HP_ACCIDENT,ROAD_CONDITION,6,ROAD CONDITION,MUD / DIRT
HP_ACCIDENT,ROAD_CONDITION,7,ROAD CONDITION,STANDING WATER
HP_ACCIDENT,ROAD_CONDITION,8,ROAD CONDITION,MOVING WATER
HP_ACCIDENT,ROAD_CONDITION,9,ROAD CONDITION,OTHER (EXPLAIN)
HP_ACCIDENT,ROAD_CONDITION,N,ROAD CONDITION,NOT APPLICABLE
HP_ACCIDENT,ROAD_CONDITION,U,ROAD CONDITION,UNKNOWN
HP_ACCIDENT,ROAD_MAINTAINED_BY,1,ROAD MAINTAINED BY,STATE
HP_ACCIDENT,ROAD_MAINTAINED_BY,2,ROAD MAINTAINED BY,COUNTY
HP_ACCIDENT,ROAD_MAINTAINED_BY,3,ROAD MAINTAINED BY,MUNICIPAL
HP_ACCIDENT,ROAD_MAINTAINED_BY,4,ROAD MAINTAINED BY,PRIVATE PROPERTY
HP_ACCIDENT,ROAD_MAINTAINED_BY,5,ROAD MAINTAINED BY,OTHER
HP_ACCIDENT,ROAD_MAINTAINED_BY,6,ROAD MAINTAINED BY,UNKNOWN
HP_ACCIDENT,ROAD_MAINTAINED_BY,U,ROAD MAINTAINED BY,UNKNOWN
HP_ACCIDENT,ROAD_PROFILE,1,ROAD PROFILE,LEVEL
HP_ACCIDENT,ROAD_PROFILE,2,ROAD PROFILE,GRADE
HP_ACCIDENT,ROAD_PROFILE,3,ROAD PROFILE,HILLCREST
HP_ACCIDENT,ROAD_PROFILE,4,ROAD PROFILE,UPHILL
HP_ACCIDENT,ROAD_PROFILE,5,ROAD PROFILE,DOWNHILL
HP_ACCIDENT,ROAD_PROFILE,6,ROAD PROFILE,DIP
HP_ACCIDENT,ROAD_PROFILE,U,ROAD PROFILE,UNKNOWN
HP_ACCIDENT,ROAD_SURFACE,1,ROAD SURFACE,CONCRETE
HP_ACCIDENT,ROAD_SURFACE,2,ROAD SURFACE,ASPHALT
HP_ACCIDENT,ROAD_SURFACE,3,ROAD SURFACE,BRICK
HP_ACCIDENT,ROAD_SURFACE,4,ROAD SURFACE,GRAVEL
HP_ACCIDENT,ROAD_SURFACE,5,ROAD SURFACE,DIRT / SAND
HP_ACCIDENT,ROAD_SURFACE,6,ROAD SURFACE,MULTI SURFACE
HP_ACCIDENT,ROAD_SURFACE,7,ROAD SURFACE,COBBLESTONE
HP_ACCIDENT,ROAD_SURFACE,N,ROAD SURFACE,NA
HP_ACCIDENT,ROAD_SURFACE,U,ROAD SURFACE,UNKNOWN
HP_ACCIDENT,ROUTE_DESIGNATOR,AL,HIGHWAY CODE,U.S. ALTERNATE / BYPASS
HP_ACCIDENT,ROUTE_DESIGNATOR,ALY,HIGHWAY CODE,ALLEY
HP_ACCIDENT,ROUTE_DESIGNATOR,BR,HIGHWAY CODE,BRIDGE
HP_ACCIDENT,ROUTE_DESIGNATOR,BRIDGE,BRIDGE,BRIDGE
HP_ACCIDENT,ROUTE_DESIGNATOR,BU,ROUTE DESIGNATOR,BUSINESS ROUTE
HP_ACCIDENT,ROUTE_DESIGNATOR,CO,ROUTE DESIGNATOR,CONNECTOR FOR WYE LEG
HP_ACCIDENT,ROUTE_DESIGNATOR,CRD,ROUTE DESIGNATOR,COUNTY ROAD
HP_ACCIDENT,ROUTE_DESIGNATOR,CST,ROUTE DESIGNATOR,CITY STREET
HP_ACCIDENT,ROUTE_DESIGNATOR,DOD,HIGHWAY CODE,DEPARTMENT OF DEFENSE
HP_ACCIDENT,ROUTE_DESIGNATOR,EOR,ROUTE DESIGNATOR,EAST OUTER ROAD
HP_ACCIDENT,ROUTE_DESIGNATOR,ERM,ROUTE DESIGNATOR,EMERGENCY REFERENCE NUMBER
HP_ACCIDENT,ROUTE_DESIGNATOR,IS,ROUTE DESIGNATOR,INTERSTATE
HP_ACCIDENT,ROUTE_DESIGNATOR,LP,ROUTE DESIGNATOR,LOOP
HP_ACCIDENT,ROUTE_DESIGNATOR,MO,ROUTE DESIGNATOR,STATE NUMBERED ROUTE
HP_ACCIDENT,ROUTE_DESIGNATOR,NOR,ROUTE DESIGNATOR,NORTH OUTER ROAD
HP_ACCIDENT,ROUTE_DESIGNATOR,OR,OUTER ROAD,OUTER ROAD
HP_ACCIDENT,ROUTE_DESIGNATOR,PP,PRIVATE PROPERTY,ROUTE DESIGNATION FOR PRIVATE PROPERTY
HP_ACCIDENT,ROUTE_DESIGNATOR,PVT,ROUTE DESIGNATOR,PRIVATE ROAD
HP_ACCIDENT,ROUTE_DESIGNATOR,RA,ROUTE DESIGNATOR,REST AREA
HP_ACCIDENT,ROUTE_DESIGNATOR,RP,ROUTE DESIGNATOR,RAMP
HP_ACCIDENT,ROUTE_DESIGNATOR,RT,ROUTE DESIGNATOR,STATE LETTERED
HP_ACCIDENT,ROUTE_DESIGNATOR,RV,ROUTE DESIGNATOR,REVERSIBLE
HP_ACCIDENT,ROUTE_DESIGNATOR,SOR,ROUTE DESIGNATOR,SOUTH OUTER ROAD
HP_ACCIDENT,ROUTE_DESIGNATOR,SP,ROUTE DESIGNATOR,SPUR
HP_ACCIDENT,ROUTE_DESIGNATOR,US,ROUTE DESIGNATOR,U.S. HIGHWAY
HP_ACCIDENT,ROUTE_DESIGNATOR,WOR,ROUTE DESIGNATOR,WEST OUTER ROAD
HP_ACCIDENT,ROUTE_DESIGNATOR,WS,ROUTE DESIGNATOR,WEIGH STATION
HP_ACCIDENT,TRAFFICWAY,1,TRAFFICWAY,"TWO WAY, NOT DIVIDED"
HP_ACCIDENT,TRAFFICWAY,2,TRAFFICWAY,"TWO WAY, DIVIDED, UNPROTECTED MEDIAN"
HP_ACCIDENT,TRAFFICWAY,3,TRAFFICWAY,"TWO WAY, DIVIDED, POSITIVE MEDIAN BARRIER"
HP_ACCIDENT,TRAFFICWAY,4,TRAFFICWAY,ONE WAY
HP_ACCIDENT,TRAFFICWAY,5,TRAFFICWAY,"TWO WAY, NOT DIVIDED, CONTINUOUS CENTER TURN LANE"
HP_ACCIDENT,TRAFFICWAY,6,TRAFFICWAY,OTHER
HP_ACCIDENT,TRAFFICWAY,N,TRAFFICWAY,NOT APPLICABLE
HP_ACCIDENT,TRAFFICWAY,U,TRAFFICWAY,UNKNOWN
HP_ACCIDENT,TWO_VEHICLE_ANALYSIS,60,TWO VEHICLE ANALYSIS,FRONT TO FRONT
HP_ACCIDENT,TWO_VEHICLE_ANALYSIS,61,TWO VEHICLE ANALYSIS,FRONT TO REAR
HP_ACCIDENT,TWO_VEHICLE_ANALYSIS,62,TWO VEHICLE ANALYSIS,SIDESWIPE (OPPOSITE DIRECTION)
HP_ACCIDENT,TWO_VEHICLE_ANALYSIS,63,TWO VEHICLE ANALYSIS,SIDESWIPE (SAME DIRECTION)
HP_ACCIDENT,TWO_VEHICLE_ANALYSIS,64,TWO VEHICLE ANALYSIS,ANGLE
HP_ACCIDENT,TWO_VEHICLE_ANALYSIS,65,TWO VEHICLE ANALYSIS,BACKED INTO
HP_ACCIDENT,TWO_VEHICLE_ANALYSIS,66,TWO VEHICLE ANALYSIS,UNKNOWN
HP_ACCIDENT,TWO_VEHICLE_ANALYSIS,67,TWO VEHICLE ANALYSIS,OTHER
HP_ACCIDENT,TWO_VEHICLE_ANALYSIS,68,TWO VEHICLE ANALYSIS,REAR TO REAR
HP_ACCIDENT,TWO_VEHICLE_ANALYSIS,69,TWO VEHICLE ANALYSIS,REAR TO SIDE
HP_ACCIDENT,TWO_VEHICLE_ANALYSIS,70,TWO VEHICLE ANALYSIS,FALLING / SHIFTING CARGO (SET IN MOTION BY MV)
HP_ACCIDENT,US_HIGHWAYS,136,US_HIGHWAYS,US_HIGHWAY 136
HP_ACCIDENT,US_HIGHWAYS,159,US_HIGHWAYS,US_HIGHWAY 159
HP_ACCIDENT,US_HIGHWAYS,160,US_HIGHWAYS,US_HIGHWAY 160
HP_ACCIDENT,US_HIGHWAYS,166,US_HIGHWAYS,US_HIGHWAY 166
HP_ACCIDENT,US_HIGHWAYS,169,US_HIGHWAYS,US_HIGHWAY 169
HP_ACCIDENT,US_HIGHWAYS,24,US_HIGHWAYS,US_HIGHWAY 24
HP_ACCIDENT,US_HIGHWAYS,275,US_HIGHWAYS,US_HIGHWAY 275
HP_ACCIDENT,US_HIGHWAYS,36,US_HIGHWAYS,US_HIGHWAY 36
HP_ACCIDENT,US_HIGHWAYS,40,US_HIGHWAYS,US_HIGHWAY 40
HP_ACCIDENT,US_HIGHWAYS,412,US_HIGHWAYS,US_HIGHWAY 412
HP_ACCIDENT,US_HIGHWAYS,50,US_HIGHWAYS,US_HIGHWAY 50
HP_ACCIDENT,US_HIGHWAYS,54,US_HIGHWAYS,US_HIGHWAY 54
HP_ACCIDENT,US_HIGHWAYS,56,US_HIGHWAYS,US_HIGHWAY 56
HP_ACCIDENT,US_HIGHWAYS,59,US_HIGHWAYS,US-HIGHWAY 59
HP_ACCIDENT,US_HIGHWAYS,60,US_HIGHWAYS,US_HIGHWAY 60
HP_ACCIDENT,US_HIGHWAYS,61,US_HIGHWAYS,US_HIGHWAY 61
HP_ACCIDENT,US_HIGHWAYS,62,US_HIGHWAYS,US_HIGHWAY 62
HP_ACCIDENT,US_HIGHWAYS,63,US_HIGHWAYS,US_HIGHWAY 63
HP_ACCIDENT,US_HIGHWAYS,65,US_HIGHWAYS,US_HIGHWAY 65
HP_ACCIDENT,US_HIGHWAYS,67,US_HIGHWAYS,US_HIGHWAY 67
HP_ACCIDENT,US_HIGHWAYS,69,US_HIGHWAYS,US_HIGHWAY 69
HP_ACCIDENT,US_HIGHWAYS,71,US_HIGHWAYS,US_HIGHWAY 71
HP_ACCIDENT,WEATHER_CONDITION,1,WEATHER CONDITION,CLEAR
HP_ACCIDENT,WEATHER_CONDITION,10,WEATHER CONDITION,SEVERE CROSSWIND
HP_ACCIDENT,WEATHER_CONDITION,11,WEATHER CONDITION,OTHER
HP_ACCIDENT,WEATHER_CONDITION,2,WEATHER CONDITION,CLOUDY
HP_ACCIDENT,WEATHER_CONDITION,3,WEATHER CONDITION,RAIN
HP_ACCIDENT,WEATHER_CONDITION,4,WEATHER CONDITION,SNOW
HP_ACCIDENT,WEATHER_CONDITION,5,WEATHER CONDITION,SLEET / HAIL
HP_ACCIDENT,WEATHER_CONDITION,6,WEATHER CONDITION,FREEZING (TEMP)
HP_ACCIDENT,WEATHER_CONDITION,7,WEATHER CONDITION,FOG OR MIST
HP_ACCIDENT,WEATHER_CONDITION,8,WEATHER CONDITION,INDETERMINATE
HP_ACCIDENT,WEATHER_CONDITION,9,WEATHER CONDITION,UNKNOWN
HP_ACCIDENT,WEATHER_CONDITION,N,WEATHER CONDITION,NA
HP_ACCIDENT,WEATHER_CONDITION,U,WEATHER CONDITION,UNKNOWN
HP_PERSON,AIRBAG,1,AIRBAG,NONE / NA
HP_PERSON,AIRBAG,10,AIRBAG,DEPLOYMENT UNKNOWN
HP_PERSON,AIRBAG,3,AIRBAG,NOT DEPLOYED
HP_PERSON,AIRBAG,4,AIRBAG,REMOVED
HP_PERSON,AIRBAG,5,AIRBAG,DEPLOYED - FRONT
HP_PERSON,AIRBAG,6,AIRBAG,DEPLOYED - SIDE
HP_PERSON,AIRBAG,7,AIRBAG,DEPLOYED - CURTAIN
HP_PERSON,AIRBAG,8,AIRBAG,"DEPLOYED - OTHER (KNEE, AIR BELT, ETC.)"
HP_PERSON,AIRBAG,9,AIRBAG,DEPLOYED - COMBINATION
HP_PERSON,AIRBAG,U,AIRBAG,AIR BAG PRESENCE UNKNOWN
HP_PERSON,AIRBAG_FRONT,1,AIRBAG FRONT,NO AIRBAGS WERE AVAILABLE
HP_PERSON,AIRBAG_FRONT,2,AIRBAG FRONT,"OCCUPANT SEAT LOCATION EQUIPPED WITH AIR BAG, AIR BAG DEPLOYED."
HP_PERSON,AIRBAG_FRONT,3,AIRBAG FRONT,"OCCUPANT SEAT LOCATION EQUIPPED WITH AIR BAG, AIR BAG DID NOT DEPLOY"
HP_PERSON,AIRBAG_FRONT,U,AIRBAG FRONT,UNKNOWN
HP_PERSON,AIRBAG_SIDE,1,AIRBAG SIDE,NO AIRBAGS WERE AVAILABLE
HP_PERSON,AIRBAG_SIDE,2,AIRBAG SIDE,"OCCUPANT SEAT LOCATION EQUIPPED WITH AIR BAG, AIR BAG DEPLOYED."
HP_PERSON,AIRBAG_SIDE,3,AIRBAG SIDE,"OCCUPANT SEAT LOCATION EQUIPPED WITH AIR BAG, AIR BAG DID NOT DEPLOY"
HP_PERSON,AIRBAG_SIDE,U,AIRBAG SIDE,UNKNOWN
HP_PERSON,ALCOHOL_USE,1,ALCOHOL USE,YES
HP_PERSON,ALCOHOL_USE,2,ALCOHOL USE,NO
HP_PERSON,ALCOHOL_USE,N,ALCOHOL USE,NA
HP_PERSON,ALCOHOL_USE,U,ALCOHOL USE,UNKNOWN
HP_PERSON,DISTRACTION_CODE,01,DISTRACTION CODE,EXTERNAL DISTRACTION
HP_PERSON,DISTRACTION_CODE,02,DISTRACTION CODE,PASSENGERS
HP_PERSON,DISTRACTION_CODE,03,DISTRACTION CODE,STEREO / AUDIO / VIDEO EQUIPMENT
HP_PERSON,DISTRACTION_CODE,04,DISTRACTION CODE,NAVIGATION DEVICE
HP_PERSON,DISTRACTION_CODE,05,DISTRACTION CODE,COMMUNICATION DEVICE - HAND HELD
HP_PERSON,DISTRACTION_CODE,06,DISTRACTION CODE,COMMUNICATIONS DEVICE - HANDS FREE
HP_PERSON,DISTRACTION_CODE,07,DISTRACTION CODE,COMMUNICATIONS DEVICE - TEXTING / E-MAILING
HP_PERSON,DISTRACTION_CODE,08,DISTRACTION CODE,COMMUNICATIONS DEVICE - WEB BROWSING
HP_PERSON,DISTRACTION_CODE,09,DISTRACTION CODE,EATING / DRINKING
HP_PERSON,DISTRACTION_CODE,10,DISTRACTION CODE,READING
HP_PERSON,DISTRACTION_CODE,11,DISTRACTION CODE,TOBACCO USE
HP_PERSON,DISTRACTION_CODE,12,DISTRACTION CODE,GROOMING
HP_PERSON,DISTRACTION_CODE,13,DISTRACTION CODE,COMPUTER EQUIPMENT / ELECTRONIC GAMES / ETC.
HP_PERSON,DISTRACTION_CODE,14,DISTRACTION_CODE,ADJUSTING VEHICLE CONTROLS
HP_PERSON,DISTRACTION_CODE,15,DISTRACTION CODE,OTHER
HP_PERSON,DISTRACTION_CODE,NA,DISTRACTION CODE,NOT APPLICABLE
HP_PERSON,DISTRACTION_CODE,U,DISTRACTION CODE,UNKNOWN
HP_PERSON,EJECTION,1,EJECTION,NA
HP_PERSON,EJECTION,2,EJECTION,NO
HP_PERSON,EJECTION,3,EJECTION,PARTIALLY
HP_PERSON,EJECTION,4,EJECTION,TOTALLY
HP_PERSON,EJECTION,5,EJECTION,UNKNOWN
HP_PERSON,EJECTION,U,EJECTION,UNKNOWN
HP_PERSON,INATTENTION_CODE,01,INATTENTION CODE,CELL PHONE
HP_PERSON,INATTENTION_CODE,02,INATTENTION CODE,STEREO/AUDIO/VIDEO EQUIPMENT
HP_PERSON,INATTENTION_CODE,03,INATTENTION CODE,COMPUTER/GPS/ELECTRONIC GAMES
HP_PERSON,INATTENTION_CODE,04,INATTENTION CODE,PASSENGER
HP_PERSON,INATTENTION_CODE,05,INATTENTION CODE,TOBACCO USE
HP_PERSON,INATTENTION_CODE,06,INATTENTION CODE,EATING/DRINKING
HP_PERSON,INATTENTION_CODE,07,INATTENTION CODE,READING
HP_PERSON,INATTENTION_CODE,08,INATTENTION CODE,GROOMING
HP_PERSON,INATTENTION_CODE,09,INATTENTION CODE,OTHER
HP_PERSON,INATTENTION_CODE,U,UNKNOWN,INATTENTION CODE IS UNKNOWN
HP_PERSON,INVOLVEMENT_CODE,01,INVOLVEMENT CODE,DRIVER PRESENT
HP_PERSON,INVOLVEMENT_CODE,02,INVOLVEMENT CODE,PASSENGER
HP_PERSON,INVOLVEMENT_CODE,03,INVOLVEMENT CODE,PEDESTRIAN
HP_PERSON,INVOLVEMENT_CODE,04,INVOLVEMENT CODE,PEDALCYCLIST
HP_PERSON,INVOLVEMENT_CODE,05,INVOLVEMENT CODE,VEHICLE OWNER
HP_PERSON,INVOLVEMENT_CODE,06,INVOLVEMENT CODE,TRAIN ENGINEER
HP_PERSON,INVOLVEMENT_CODE,07,INVOLVEMENT CODE,TRAIN CONDUCTOR
HP_PERSON,INVOLVEMENT_CODE,08,INVOLVEMENT CODE,TRAIN CREW
HP_PERSON,INVOLVEMENT_CODE,09,INVOLVEMENT CODE,TRAIN OWNER
HP_PERSON,INVOLVEMENT_CODE,10,INVOLVEMENT CODE,PROPERTY OWNER
HP_PERSON,INVOLVEMENT_CODE,11,INVOLVEMENT CODE,WITNESS
HP_PERSON,INVOLVEMENT_CODE,12,INVOLVEMENT CODE,TRAIN TRACKS OWNER
HP_PERSON,INVOLVEMENT_CODE,N,INVOLVEMENT CODE,NO DRIVER
HP_PERSON,INVOLVEMENT_CODE,U,INVOLVEMENT CODE,UNKNOWN DRIVER
HP_PERSON,PEDESTRIAN_ACTION,03,PEDESTRIAN ACTION,WITH SIGNAL
HP_PERSON,PEDESTRIAN_ACTION,04,PEDESTRIAN ACTION,AGAINST SIGNAL
HP_PERSON,PEDESTRIAN_ACTION,05,PEDESTRIAN ACTION,NO SIGNAL
HP_PERSON,PEDESTRIAN_ACTION,06,PEDESTRIAN ACTION,DIAGONALLY
HP_PERSON,PEDESTRIAN_ACTION,07,PEDESTRIAN ACTION,IN UNMARKED CROSSWALK
HP_PERSON,PEDESTRIAN_ACTION,08,PEDESTRIAN ACTION,IN MARKED CROSSWALK
HP_PERSON,PEDESTRIAN_ACTION,09,PEDESTRIAN ACTION,BEHIND/IN FRONT OF PARKED CAR
HP_PERSON,PEDESTRIAN_ACTION,10,PEDESTRIAN ACTION,WITH TRAFFIC
HP_PERSON,PEDESTRIAN_ACTION,11,PEDESTRIAN ACTION,AGAINST TRAFFIC
HP_PERSON,PEDESTRIAN_ACTION,12,PEDESTRIAN ACTION,GETTING ON/OFF VEHICLE
HP_PERSON,PEDESTRIAN_ACTION,13,PEDESTRIAN ACTION,STANDING/LYING/SITTING ON ROAD
HP_PERSON,PEDESTRIAN_ACTION,14,PEDESTRIAN ACTION,PUSHING/WORKING ON VEHICLE
HP_PERSON,PEDESTRIAN_ACTION,15,PEDESTRIAN ACTION,WORKING IN TRAFFICWAY
HP_PERSON,PEDESTRIAN_ACTION,16,PEDESTRIAN ACTION,PLAYING IN TRAFFICWAY
HP_PERSON,PEDESTRIAN_ACTION,17,PEDESTRIAN ACTION,WALKING / RUNNING IN TRAFFICWAY
HP_PERSON,PEDESTRIAN_ACTION,18,PEDESTRIAN ACTION,OTHER
HP_PERSON,PEDESTRIAN_ACTION,19,PEDESTRIAN ACTION,NOT A CROSSWALK
HP_PERSON,PEDESTRIAN_ACTION,N,PEDESTRIAN ACTION,NOT APPLICABLE
HP_PERSON,PEDESTRIAN_ACTION,U,PEDESTRIAN ACTION,UNKNOWN
HP_PERSON,PEDESTRIAN_CONTRIB_CIR,23,PEDESTRIAN CONTRIB CIR,VISION OBSTRUCTED
HP_PERSON,PEDESTRIAN_CONTRIB_CIR,33,PEDESTRIAN CONTRIB CIR,OTHER
HP_PERSON,PEDESTRIAN_CONTRIB_CIR,U,UNKNOWN,UNKNOWN PEDESTRIAN CONTRIB CIR
HP_PERSON,PEDESTRIAN_CONTRIB_CIRCUM,17,PEDESTRIAN CONTRIBUTING CIRCUMSTANCES,FAILED TO YIELD
HP_PERSON,PEDESTRIAN_CONTRIB_CIRCUM,18,PEDESTRIAN CONTRIBUTING CIRCUMSTANCES,ALCOHOL
HP_PERSON,PEDESTRIAN_CONTRIB_CIRCUM,19,PEDESTRIAN CONTRIBUTING CIRCUMSTANCES,DRUGS
HP_PERSON,PEDESTRIAN_CONTRIB_CIRCUM,20,PEDESTRIAN CONTRIBUTING CIRCUMSTANCES,PHYSICAL IMPAIRMENT
HP_PERSON,PEDESTRIAN_CONTRIB_CIRCUM,21,PEDESTRIAN CONTRIBUTING CIRCUMSTANCES,DISTRACTIVE / INATTENTIVE
HP_PERSON,PEDESTRIAN_CONTRIB_CIRCUM,22,PEDESTRIAN CONTRIBUTING CIRCUMSTANCES,NONE
HP_PERSON,PEDESTRIAN_CONTRIB_CIRCUM,U,UNKNOWN,UNKNOWN
HP_PERSON,PEDESTRIAN_CROSSING_ROAD,3,PEDESTRIAN CROSSING ROAD,WITH SIGNAL
HP_PERSON,PEDESTRIAN_CROSSING_ROAD,4,PEDESTRIAN CROSSING ROAD,AGAINST SIGNAL
HP_PERSON,PEDESTRIAN_CROSSING_ROAD,5,PEDESTRIAN CROSSING ROAD,NO SIGNAL
HP_PERSON,PEDESTRIAN_CROSSING_ROAD,N,PEDESTRIAN CROSSING ROAD,NA
HP_PERSON,PEDESTRIAN_CROSSING_ROAD,U,PEDESTRIAN CROSSING ROAD,UNKNOWN
HP_PERSON,PEDESTRIAN_CROSSING_ROAD2,19,PEDESTRIAN CROSSING ROAD2,NOT IN CROSSWALK
HP_PERSON,PEDESTRIAN_CROSSING_ROAD2,7,PEDESTRIAN CROSSING ROAD2,IN UNMARKED CROSSWALK
HP_PERSON,PEDESTRIAN_CROSSING_ROAD2,8,PEDESTRIAN CROSSING ROAD2,IN MARKED CROSSWALK
HP_PERSON,PEDESTRIAN_CROSSING_ROAD2,U,PEDESTRIAN CROSSING ROAD2,UNKNOWN
HP_PERSON,PEDESTRIAN_LOCATION,1,PEDESTRIAN LOCATION,AT INTERSECTION
HP_PERSON,PEDESTRIAN_LOCATION,2,PEDESTRIAN LOCATION,NOT AT INTERSECTION
HP_PERSON,PEDESTRIAN_LOCATION,3,PEDESTRIAN LOCATION,ON ROADWAY
HP_PERSON,PEDESTRIAN_LOCATION,4,PEDESTRIAN LOCATION,ON SIDEWALK
HP_PERSON,PEDESTRIAN_LOCATION,5,PEDESTRIAN LOCATION,IN DRIVEWAY ACCESS
HP_PERSON,PEDESTRIAN_LOCATION,6,PEDESTRIAN LOCATION,OFF ROADWAY
HP_PERSON,PEDESTRIAN_LOCATION,7,PEDESTRIAN LOCATION,ON MEDIAN / CROSSING ISLAND
HP_PERSON,PEDESTRIAN_LOCATION,U,PEDESTRIAN LOCATION,UNKNOWN
HP_PERSON,PEDESTRIAN_SCHOOL_INFO,1,PEDESTRIAN SCHOOL INFO,GOING TO / FROM SCHOOL
HP_PERSON,PEDESTRIAN_SCHOOL_INFO,2,PEDESTRIAN SCHOOL INFO,GETTING ON / OFF SCHOOL BUS
HP_PERSON,PEDESTRIAN_SCHOOL_INFO,3,PEDESTRIAN SCHOOL INFO,BOTH OF THE ABOVE
HP_PERSON,PEDESTRIAN_SCHOOL_INFO,N,PEDESTRIAN SCHOOL INFO,NA
HP_PERSON,PEDESTRIAN_SCHOOL_INFO,U,PEDESTRIAN SCHOOL INFO,UNKNOWN
HP_PERSON,PEDESTRIAN_TYPE,1,PEDESTRIAN TYPE,LAW ENFORCEMENT OFFICER
HP_PERSON,PEDESTRIAN_TYPE,2,PEDESTRIAN TYPE,OTHER EMERGENCY SERVICES PERSONNEL
HP_PERSON,PEDESTRIAN_TYPE,3,PEDESTRIAN TYPE,MODOT WORKER
HP_PERSON,PEDESTRIAN_TYPE,4,PEDESTRIAN TYPE,OTHER TRAFFICWAY WORKER
HP_PERSON,PEDESTRIAN_TYPE,5,PEDESTRIAN TYPE,OTHER PEDESTRIAN
HP_PERSON,PEDESTRIAN_TYPE,N,PEDESTRIAN TYPE,NA
HP_PERSON,PERSONAL_INJURY_LEVEL,1,PERSONAL INJURY LEVEL,FATAL
HP_PERSON,PERSONAL_INJURY_LEVEL,2,PERSONAL INJURY LEVEL,DISABLING INJURY
HP_PERSON,PERSONAL_INJURY_LEVEL,3,PERSONAL INJURY LEVEL,EVIDENT INJURY (NOT DISABLING)
HP_PERSON,PERSONAL_INJURY_LEVEL,4,PERSONAL INJURY LEVEL,PROBABLY INJURY (NOT APPARENT)
HP_PERSON,PERSONAL_INJURY_LEVEL,5,PERSONAL INJURY LEVEL,NONE APPARENT
HP_PERSON,PERSONAL_INJURY_LEVEL,6,PERSONAL INJURY LEVEL,UNKNOWN
HP_PERSON,PERSONAL_INJURY_LEVEL,N,PERSONAL INJURY LEVEL,NA
HP_PERSON,PERSONAL_INJURY_LEVEL,U,PERSONAL INJURY LEVEL,UNKNOWN
HP_PERSON,SAFETY_DEVICE,1,SAFETY DEVICE,NONE
HP_PERSON,SAFETY_DEVICE,10,SAFETY DEVICE,BOOSTER SEAT
HP_PERSON,SAFETY_DEVICE,11,SAFETY DEVICE,CHILD RESTRAINT - FORWARD FACING
HP_PERSON,SAFETY_DEVICE,12,SAFETY DEVICE,CHILD RESTRAINT - REAR FACING
HP_PERSON,SAFETY_DEVICE,13,SAFETY DEVICE,OTHER HELMET
HP_PERSON,SAFETY_DEVICE,14,SAFETY DEVICE,REFLECTIVE CLOTHING
HP_PERSON,SAFETY_DEVICE,15,SAFETY DEVICE,OTHER
HP_PERSON,SAFETY_DEVICE,2,SAFETY DEVICE,NOT USED
HP_PERSON,SAFETY_DEVICE,3,SAFETY DEVICE,SHOULDER BELT ONLY
HP_PERSON,SAFETY_DEVICE,4,SAFETY DEVICE,LAP BELT ONLY
HP_PERSON,SAFETY_DEVICE,5,SAFETY DEVICE,SHOULDER AND LAP BELT
HP_PERSON,SAFETY_DEVICE,6,SAFETY DEVICE,CHILD RESTRAINT
HP_PERSON,SAFETY_DEVICE,7,SAFETY DEVICE,DOT COMPLIANT MOTORCYCLE HELMET
HP_PERSON,SAFETY_DEVICE,8,SAFETY DEVICE,NO HELMET
HP_PERSON,SAFETY_DEVICE,9,SAFETY DEVICE,USE UNKNOWN
HP_PERSON,SAFETY_DEVICE,N,SAFETY DEVICE,NOT APPLICABLE
HP_PERSON,SAFETY_DEVICE,U,SAFETY DEVICE,UNKNOWN
HP_PERSON,SEAT_LOCATION,B,SEAT LOCATION,PEDALCYCLE
HP_PERSON,SEAT_LOCATION,CP,SEAT LOCATION,COMMERCIAL PASSENGER
HP_PERSON,SEAT_LOCATION,FC,SEAT LOCATION,FRONT CENTER
HP_PERSON,SEAT_LOCATION,FL,SEAT LOCATION,FRONT LEFT
HP_PERSON,SEAT_LOCATION,FR,SEAT LOCATION,FRONT RIGHT
HP_PERSON,SEAT_LOCATION,M,SEAT LOCATION,MOTORCYCLE
HP_PERSON,SEAT_LOCATION,NA,SEAT LOCATION,NOT APPLICABLE
HP_PERSON,SEAT_LOCATION,OE,SEAT LOCATION,OCCUPANT IN ENCLOSED LOAD AREA
HP_PERSON,SEAT_LOCATION,OU,SEAT LOCATION,OCCUPANT IN UNENCLOSED LOAD AREA
HP_PERSON,SEAT_LOCATION,P,SEAT LOCATION,PEDESTRIAN
HP_PERSON,SEAT_LOCATION,RC,SEAT LOCATION,RAIL CREW
HP_PERSON,SEAT_LOCATION,SC,SEAT LOCATION,SECOND CENTER
HP_PERSON,SEAT_LOCATION,SL,SEAT LOCATION,SECOND LEFT
HP_PERSON,SEAT_LOCATION,SR,SEAT LOCATION,SECOND RIGHT
HP_PERSON,SEAT_LOCATION,SV,SEAT LOCATION,OTHER
HP_PERSON,SEAT_LOCATION,TC,SEAT LOCATION,THIRD CENTER
HP_PERSON,SEAT_LOCATION,TL,SEAT LOCATION,THIRD LEFT
HP_PERSON,SEAT_LOCATION,TR,SEAT LOCATION,THIRD RIGHT
HP_PERSON,SEAT_LOCATION,XX,SEAT LOCATION,UNKNOWN
HP_PERSON,SEX,F,SEX,FEMALE
HP_PERSON,SEX,M,SEX,MALE
HP_PERSON,SEX,U,SEX,UNKNOWN
HP_PERSON,TRANSPORTED,1,TRANSPORTED,NO
HP_PERSON,TRANSPORTED,2,TRANSPORTED,EMS
HP_PERSON,TRANSPORTED,3,TRANSPORTED,OTHER
HP_PERSON,TRANSPORTED,4,TRANSPORTED,UNKNOWN
HP_PERSON,TRANSPORTED,N,TRANSPORTED,NA
HP_PERSON,TRANSPORTED,U,TRANSPORTED,UNKNOWN
HP_VEHICLE_DRIVER,ANIMAL_CODE,60,ANIMAL CODE,ANIMAL - DEER
HP_VEHICLE_DRIVER,ANIMAL_CODE,61,ANIMAL CODE,FARM ANIMAL
HP_VEHICLE_DRIVER,ANIMAL_CODE,62,ANIMAL CODE,DOG
HP_VEHICLE_DRIVER,ANIMAL_CODE,63,ANIMAL CODE,OTHER ANIMAL
HP_VEHICLE_DRIVER,ANIMAL_CODE,64,ANIMAL CODE,ANIMAL  UNKNOWN
HP_VEHICLE_DRIVER,ANIMAL_CODE,U,ANIMAL CODE,UNKNOWN
HP_VEHICLE_DRIVER,CNT_MALFUNCTIONING_IND,A,CNT MALFUNCTIONING IND,NA
HP_VEHICLE_DRIVER,CNT_MALFUNCTIONING_IND,N,CNT MALFUNCTIONING IND,NO
HP_VEHICLE_DRIVER,CNT_MALFUNCTIONING_IND,U,CNT MALFUNCTIONING IND,UNKNOWN
HP_VEHICLE_DRIVER,CNT_MALFUNCTIONING_IND,Y,CNT MALFUNCTIONING IND,YES
HP_VEHICLE_DRIVER,COMMERCIAL,1,COMMERCIAL,INTERSTATE CARRIER
HP_VEHICLE_DRIVER,COMMERCIAL,2,COMMERCIAL,INTRASTATE CARRIER
HP_VEHICLE_DRIVER,COMMERCIAL,3,COMMERCIAL,NOT IN COMMERCE - GOVERNMENT VEHICLE
HP_VEHICLE_DRIVER,COMMERCIAL,4,COMMERCIAL,NOT IN COMMERCE - OTHER VEHICLE
HP_VEHICLE_DRIVER,COMMERCIAL,5,COMMERCIAL,NOT IN COMMERCE - RENTAL VEHICLE
HP_VEHICLE_DRIVER,CONTRIBUTING_CIRCUMSTANCES,01,CONTRIBUTING CIRCUMSTANCES,VEHICLE DEFECTS
HP_VEHICLE_DRIVER,CONTRIBUTING_CIRCUMSTANCES,02,CONTRIBUTING CIRCUMSTANCES,TRAFFIC CONTROL INOPERABLE OR MISSING
HP_VEHICLE_DRIVER,CONTRIBUTING_CIRCUMSTANCES,03,CONTRIBUTING CIRCUMSTANCES,IMPROPERLY STOPPED ON ROADWAY
HP_VEHICLE_DRIVER,CONTRIBUTING_CIRCUMSTANCES,04,CONTRIBUTING CIRCUMSTANCES,SPEED EXCEEDED LIMIT
HP_VEHICLE_DRIVER,CONTRIBUTING_CIRCUMSTANCES,05,CONTRIBUTING CIRCUMSTANCES,TOO FAST FOR CONDITIONS
HP_VEHICLE_DRIVER,CONTRIBUTING_CIRCUMSTANCES,06,CONTRIBUTING CIRCUMSTANCES,IMPROPER PASSING
HP_VEHICLE_DRIVER,CONTRIBUTING_CIRCUMSTANCES,07,CONTRIBUTING CIRCUMSTANCES,VIOLATION SIGNAL / SIGN
HP_VEHICLE_DRIVER,CONTRIBUTING_CIRCUMSTANCES,08,CONTRIBUTING CIRCUMSTANCES,WRONG SIDE (NOT PASSING)
HP_VEHICLE_DRIVER,CONTRIBUTING_CIRCUMSTANCES,09,CONTRIBUTING CIRCUMSTANCES,FOLLOWING TOO CLOSE
HP_VEHICLE_DRIVER,CONTRIBUTING_CIRCUMSTANCES,10,CONTRIBUTING CIRCUMSTANCES,IMPROPER SIGNAL
HP_VEHICLE_DRIVER,CONTRIBUTING_CIRCUMSTANCES,11,CONTRIBUTING CIRCUMSTANCES,IMPROPER BACKING
HP_VEHICLE_DRIVER,CONTRIBUTING_CIRCUMSTANCES,12,CONTRIBUTING CIRCUMSTANCES,IMPROPER TURN
HP_VEHICLE_DRIVER,CONTRIBUTING_CIRCUMSTANCES,13,CONTRIBUTING CIRCUMSTANCES,IMPROPER LANE USAGE / CHANGE
HP_VEHICLE_DRIVER,CONTRIBUTING_CIRCUMSTANCES,14,CONTRIBUTING CIRCUMSTANCES,WRONG WAY (ONE-WAY)
HP_VEHICLE_DRIVER,CONTRIBUTING_CIRCUMSTANCES,15,CONTRIBUTING CIRCUMSTANCES,IMPROPER START FROM PARK
HP_VEHICLE_DRIVER,CONTRIBUTING_CIRCUMSTANCES,16,CONTRIBUTING CIRCUMSTANCES,IMPROPERLY PARKED
HP_VEHICLE_DRIVER,CONTRIBUTING_CIRCUMSTANCES,17,CONTRIBUTING CIRCUMSTANCES,FAILED TO YIELD
HP_VEHICLE_DRIVER,CONTRIBUTING_CIRCUMSTANCES,18,CONTRIBUTING CIRCUMSTANCES,ALCOHOL
HP_VEHICLE_DRIVER,CONTRIBUTING_CIRCUMSTANCES,19,CONTRIBUTING CIRCUMSTANCES,DRUGS
HP_VEHICLE_DRIVER,CONTRIBUTING_CIRCUMSTANCES,20,CONTRIBUTING CIRCUMSTANCES,PHYSICAL IMPAIRMENT
HP_VEHICLE_DRIVER,CONTRIBUTING_CIRCUMSTANCES,21,CONTRIBUTING CIRCUMSTANCES,DISTRACTED / INATTENTIVE
HP_VEHICLE_DRIVER,CONTRIBUTING_CIRCUMSTANCES,22,CONTRIBUTING CIRCUMSTANCES,NONE
HP_VEHICLE_DRIVER,CONTRIBUTING_CIRCUMSTANCES,23,CONTRIBUTING CIRCUMSTANCES,VISION OBSTRUCTED
HP_VEHICLE_DRIVER,CONTRIBUTING_CIRCUMSTANCES,24,CONTRIBUTING CIRCUMSTANCES,DRIVER FATIGUE / ASLEEP
HP_VEHICLE_DRIVER,CONTRIBUTING_CIRCUMSTANCES,25,CONTRIBUTING CIRCUMSTANCES,FAILED TO DIM LIGHTS
HP_VEHICLE_DRIVER,CONTRIBUTING_CIRCUMSTANCES,26,CONTRIBUTING CIRCUMSTANCES,FAILED TO USE LIGHTS
HP_VEHICLE_DRIVER,CONTRIBUTING_CIRCUMSTANCES,27,CONTRIBUTING CIRCUMSTANCES,IMPROPER TOWING / PUSHING
HP_VEHICLE_DRIVER,CONTRIBUTING_CIRCUMSTANCES,28,CONTRIBUTING CIRCUMSTANCES,OVERCORRECTED
HP_VEHICLE_DRIVER,CONTRIBUTING_CIRCUMSTANCES,29,CONTRIBUTING CIRCUMSTANCES,IMPROPER RIDING / CLINGING TO VEHICLE EXTERIOR
HP_VEHICLE_DRIVER,CONTRIBUTING_CIRCUMSTANCES,30,CONTRIBUTING CIRCUMSTANCES,FAILED TO SECURE LOAD / IMPROPER LOADING
HP_VEHICLE_DRIVER,CONTRIBUTING_CIRCUMSTANCES,31,CONTRIBUTING CIRCUMSTANCES,ANIMAL(S) IN ROADWAY
HP_VEHICLE_DRIVER,CONTRIBUTING_CIRCUMSTANCES,32,CONTRIBUTING CIRCUMSTANCES,OBJECT / OBSTRUCTION IN ROADWAY
HP_VEHICLE_DRIVER,CONTRIBUTING_CIRCUMSTANCES,33,CONTRIBUTING CIRCUMSTANCES,OTHER
HP_VEHICLE_DRIVER,CONTRIBUTING_CIRCUMSTANCES,41,CONTRIBUTING CIRCUMSTANCES,TRAIN DEFECTS
HP_VEHICLE_DRIVER,CONTRIBUTING_CIRCUMSTANCES,42,CONTRIBUTING CIRCUMSTANCES,EXCESSSIVE SPEED
HP_VEHICLE_DRIVER,CONTRIBUTING_CIRCUMSTANCES,43,CONTRIBUTING CIRCUMSTANCES,IMPROPER RIDING / CLINGING TO TRAIN EXTERIOR
HP_VEHICLE_DRIVER,CONTRIBUTING_CIRCUMSTANCES,45,CONTRIBUTING CIRCUMSTANCES,OBSTRUCTION ON TRACKS
HP_VEHICLE_DRIVER,CONTRIBUTING_CIRCUMSTANCES,46,CONTRIBUTING CIRCUMSTANCES,FAILED TO SOUND HORN
HP_VEHICLE_DRIVER,CONTRIBUTING_CIRCUMSTANCES,47,CONTRIBUTING CIRCUMSTANCES,TRACK DEFECTS
HP_VEHICLE_DRIVER,CONTRIBUTING_CIRCUMSTANCES,48,CONTRIBUTING CIRCUMSTANCES,DERAILMENT
HP_VEHICLE_DRIVER,CONTRIBUTING_CIRCUMSTANCES,49,CONTRIBUTING CIRCUMSTANCES,FAILED TO USE LIGHTS
HP_VEHICLE_DRIVER,CONTRIBUTING_CIRCUMSTANCES,U,CONTRIBUTING CIRCUMSTANCES,UNKNOWN
HP_VEHICLE_DRIVER,CVE_CARGO_BODY_TYPE,1,CVE CARGO BODY TYPE,ENCLOSED BOX
HP_VEHICLE_DRIVER,CVE_CARGO_BODY_TYPE,10,CVE CARGO BODY TYPE,OTHER
HP_VEHICLE_DRIVER,CVE_CARGO_BODY_TYPE,11,CVE CARGO BODY TYPE,BUS (>15)
HP_VEHICLE_DRIVER,CVE_CARGO_BODY_TYPE,12,CVE CARGO BODY TYPE,BUS (9-15)
HP_VEHICLE_DRIVER,CVE_CARGO_BODY_TYPE,13,CVE CARGO BODY TYPE,LOG
HP_VEHICLE_DRIVER,CVE_CARGO_BODY_TYPE,14,CVE CARGO BODY TYPE,VEHICLE TOWING ANOTHER VEH.
HP_VEHICLE_DRIVER,CVE_CARGO_BODY_TYPE,15,CVE CARGO BODY TYPE,INTERMODAL CONTAINER CHASSIS
HP_VEHICLE_DRIVER,CVE_CARGO_BODY_TYPE,16,CVE CARGO BODY TYPE,NA (NO CARGO BODY)
HP_VEHICLE_DRIVER,CVE_CARGO_BODY_TYPE,2,CVE CARGO BODY TYPE,CARGO TANK
HP_VEHICLE_DRIVER,CVE_CARGO_BODY_TYPE,3,CVE CARGO BODY TYPE,FLATBED
HP_VEHICLE_DRIVER,CVE_CARGO_BODY_TYPE,4,CVE CARGO BODY TYPE,DUMP
HP_VEHICLE_DRIVER,CVE_CARGO_BODY_TYPE,5,CVE CARGO BODY TYPE,CONCRETE MIXER
HP_VEHICLE_DRIVER,CVE_CARGO_BODY_TYPE,6,CVE CARGO BODY TYPE,AUTO TRANSPORTER
HP_VEHICLE_DRIVER,CVE_CARGO_BODY_TYPE,7,CVE CARGO BODY TYPE,GARBAGE / REFUSE
HP_VEHICLE_DRIVER,CVE_CARGO_BODY_TYPE,8,CVE CARGO BODY TYPE,GRAIN/CHIP/GRAVEL
HP_VEHICLE_DRIVER,CVE_CARGO_BODY_TYPE,9,CVE CARGO BODY TYPE,POLE TRAILER
HP_VEHICLE_DRIVER,CVE_CARGO_BODY_TYPE,NA,CVE CARGO BODY TYPE,NOT APPLICABLE
HP_VEHICLE_DRIVER,CVE_CARGO_BODY_TYPE,U,CVE CARGO BODY TYPE,UNKNOWN
HP_VEHICLE_DRIVER,CVE_HAZMAT_CARGO_PRESENT,N,CVE HAZMAT CARGO PRESENT,NO
HP_VEHICLE_DRIVER,CVE_HAZMAT_CARGO_PRESENT,U,CVE HAZMAT CARGO PRESENT,UNKNOWN
HP_VEHICLE_DRIVER,CVE_HAZMAT_CARGO_PRESENT,Y,CVE HAZMAT CARGO PRESENT,YES
HP_VEHICLE_DRIVER,CVE_TRAFFICWAY,1,CVE TRAFFICWAY,TWO WAY; NOT DIVIDED
HP_VEHICLE_DRIVER,CVE_TRAFFICWAY,2,CVE TRAFFICWAY,TWO WAY; DIVIDED; UNPROTECTED MEDIAN
HP_VEHICLE_DRIVER,CVE_TRAFFICWAY,3,CVE TRAFFICWAY,TWO WAY; DIVIDED POSITIVE MEDIAN BARRIER
HP_VEHICLE_DRIVER,CVE_TRAFFICWAY,4,CVE TRAFFICWAY,ONE WAY; NOT DIVIDED
HP_VEHICLE_DRIVER,EMERGENCY_VEHICLE_INVOLVED,1,EMERGENCY VEHICLE INVOLVED,POLICE
HP_VEHICLE_DRIVER,EMERGENCY_VEHICLE_INVOLVED,2,EMERGENCY VEHICLE INVOLVED,FIRE
HP_VEHICLE_DRIVER,EMERGENCY_VEHICLE_INVOLVED,3,EMERGENCY VEHICLE INVOLVED,AMBULANCE
HP_VEHICLE_DRIVER,EMERGENCY_VEHICLE_INVOLVED,4,EMERGENCY VEHICLE INVOLVED,OTHER
HP_VEHICLE_DRIVER,EMERGENCY_VEHICLE_INVOLVED,N,EMERGENCY VEHICLE INVOLVED,NA
HP_VEHICLE_DRIVER,EMERGENCY_VEHICLE_INVOLVED,U,EMERGENCY VEHICLE INVOLVED,UNKNOWN
HP_VEHICLE_DRIVER,EMERGENCY_VEH_ON_EMERGENCY_RUN,A,EMERGENCY VEH ON EMERGENCY RUN,EMERGENCY VEHICLE ON RUN
HP_VEHICLE_DRIVER,EMERGENCY_VEH_ON_EMERGENCY_RUN,B,EMERGENCY VEH ON EMERGENCY RUN,STATIONARY WITH EMERGENCY EQUIPMENT ACTIVATED
HP_VEHICLE_DRIVER,FIXED_OBJECT,20,FIXED OBJECT,TREE / STUMP (STANDING)
HP_VEHICLE_DRIVER,FIXED_OBJECT,21,FIXED OBJECT,EMBANKMENT / DRIVEWAY / GROUND / ROCK BLUFF
HP_VEHICLE_DRIVER,FIXED_OBJECT,22,FIXED OBJECT,GUARDRAIL FACE
HP_VEHICLE_DRIVER,FIXED_OBJECT,23,FIXED OBJECT,UTILITY POLE
HP_VEHICLE_DRIVER,FIXED_OBJECT,24,FIXED OBJECT,FENCE
HP_VEHICLE_DRIVER,FIXED_OBJECT,25,FIXED OBJECT,STREET LIGHT SUPPORT
HP_VEHICLE_DRIVER,FIXED_OBJECT,26,FIXED OBJECT,CULVERT 
HP_VEHICLE_DRIVER,FIXED_OBJECT,27,FIXED OBJECT,HIGHWAY TRAFFIC SIGN POST / SUPPORT
HP_VEHICLE_DRIVER,FIXED_OBJECT,28,FIXED OBJECT,BRIDGE PIER OR ABUTMENT / SUPPORT
HP_VEHICLE_DRIVER,FIXED_OBJECT,29,FIXED OBJECT,CURB 
HP_VEHICLE_DRIVER,FIXED_OBJECT,30,FIXED OBJECT,MAILBOX
HP_VEHICLE_DRIVER,FIXED_OBJECT,31,FIXED OBJECT,CONCRETE TRAFFIC BARRIER
HP_VEHICLE_DRIVER,FIXED_OBJECT,32,FIXED OBJECT,BUILDING
HP_VEHICLE_DRIVER,FIXED_OBJECT,33,FIXED OBJECT,TRAFFIC SIGNAL SUPPORT
HP_VEHICLE_DRIVER,FIXED_OBJECT,34,FIXED OBJECT,IMPACT ATTENUATOR / CRASH CUSHION
HP_VEHICLE_DRIVER,FIXED_OBJECT,35,FIXED OBJECT,FIRE HYDRANT
HP_VEHICLE_DRIVER,FIXED_OBJECT,36,FIXED OBJECT,OTHER
HP_VEHICLE_DRIVER,FIXED_OBJECT,37,FIXED OBJECT,BRIDGE PARAPET END
HP_VEHICLE_DRIVER,FIXED_OBJECT,38,FIXED OBJECT,BRIDGE RAIL
HP_VEHICLE_DRIVER,FIXED_OBJECT,39,FIXED OBJECT,GUARDRAIL END
HP_VEHICLE_DRIVER,FIXED_OBJECT,40,FIXED OBJECT,MEDIAN / OTHER TRAFFIC BARRIER
HP_VEHICLE_DRIVER,FIXED_OBJECT,41,FIXED OBJECT,OVERHEAD SIGN SUPPORT
HP_VEHICLE_DRIVER,FIXED_OBJECT,42,FIXED OBJECT,DITCH
HP_VEHICLE_DRIVER,FIXED_OBJECT,43,FIXED OBJECT,OTHER POST / POLE / SUPPORT
HP_VEHICLE_DRIVER,FIXED_OBJECT,44,FIXED OBJECT,WALL
HP_VEHICLE_DRIVER,FIXED_OBJECT,45,FIXED OBJECT,CABLE BARRIER
HP_VEHICLE_DRIVER,FIXED_OBJECT,46,FIXED OBJECT,BRIDGE OVERHEAD STRUCTURE
HP_VEHICLE_DRIVER,FIXED_OBJECT,47,FIXED OBJECT,OVERHEAD LINE / CABLE
HP_VEHICLE_DRIVER,FIXED_OBJECT,99,UNKNOWN,UNKNOWN FIXED OBJECT
HP_VEHICLE_DRIVER,FIXED_OBJECT,U,FIXED OBJECT,UNKNOWN
HP_VEHICLE_DRIVER,GCVW_RATING,1,GCVW RATING,"10,001 - 26,000 LBS"
HP_VEHICLE_DRIVER,GCVW_RATING,G,GCVW RATING,"GREATER THAN 26,000 LBS"
HP_VEHICLE_DRIVER,GCVW_RATING,L,GCVW RATING,"LESS THAN OR EQUAL TO 10,000 LBS"
HP_VEHICLE_DRIVER,GCVW_RATING,U,GCVW RATING,UNKNOWN
HP_VEHICLE_DRIVER,HAZARDOUS_MATERIALS_INVOLVED,1,HAZARDOUS MATERIALS INVOLVED,GASES IN BULK
HP_VEHICLE_DRIVER,HAZARDOUS_MATERIALS_INVOLVED,2,HAZARDOUS MATERIALS INVOLVED,SOLIDS IN BULK
HP_VEHICLE_DRIVER,HAZARDOUS_MATERIALS_INVOLVED,3,HAZARDOUS MATERIALS INVOLVED,LIQUIDS IN BULK
HP_VEHICLE_DRIVER,HAZARDOUS_MATERIALS_INVOLVED,4,HAZARDOUS MATERIALS INVOLVED,EXPLOSIVES
HP_VEHICLE_DRIVER,HAZARDOUS_MATERIALS_INVOLVED,5,HAZARDOUS MATERIALS INVOLVED,NONE
HP_VEHICLE_DRIVER,HAZARDOUS_MATERIALS_RELEASED,N,HAZARDOUS MATERIALS RELEASED,NO
HP_VEHICLE_DRIVER,HAZARDOUS_MATERIALS_RELEASED,U,HAZARDOUS MATERIALS RELEASED,UNKNOWN
HP_VEHICLE_DRIVER,HAZARDOUS_MATERIALS_RELEASED,Y,HAZARDOUS MATERIALS RELEASED,YES
HP_VEHICLE_DRIVER,INSURANCE_IND,N,PROOF OF INSURANCE,NO
HP_VEHICLE_DRIVER,INSURANCE_IND,U,PROOF OF INSURANCE,UNKNOWN
HP_VEHICLE_DRIVER,INSURANCE_IND,X,PROOF OF INSURANCE,NOT REQUIRED
HP_VEHICLE_DRIVER,INSURANCE_IND,Y,PROOF OF INSURANCE,YES
HP_VEHICLE_DRIVER,MC_ATV_NUMBER_OF_WHEELS,2,MC ATV NUMBER OF WHEELS,2 WH
HP_VEHICLE_DRIVER,MC_ATV_NUMBER_OF_WHEELS,3,MC ATV NUMBER OF WHEELS,3 WH
HP_VEHICLE_DRIVER,MC_ATV_NUMBER_OF_WHEELS,4,MC ATV NUMBER OF WHEELS,4 WH
HP_VEHICLE_DRIVER,MC_ATV_NUMBER_OF_WHEELS,5,MC ATV NUMBER OF WHEELS,5 WH / MORE
HP_VEHICLE_DRIVER,MC_ATV_NUMBER_OF_WHEELS,U,MC ATV NUMBER OF WHEELS,UNKNOWN
HP_VEHICLE_DRIVER,OPERATOR_LICENSE_STATUS,1,OPERATOR LICENSE STATUS,VALID
HP_VEHICLE_DRIVER,OPERATOR_LICENSE_STATUS,2,OPERATOR LICENSE STATUS,SUSP / REV / DENIED
HP_VEHICLE_DRIVER,OPERATOR_LICENSE_STATUS,3,OPERATOR LICENSE STATUS,CANCELLED/OTHERWISE INVALID
HP_VEHICLE_DRIVER,OPERATOR_LICENSE_STATUS,4,OPERATOR LICENSE STATUS,EXPIRED
HP_VEHICLE_DRIVER,OPERATOR_LICENSE_STATUS,5,OPERATOR LICENSE STATUS,DISQUAL CDL
HP_VEHICLE_DRIVER,OPERATOR_LICENSE_STATUS,N,OPERATOR LICENSE STATUS,NA
HP_VEHICLE_DRIVER,OPERATOR_LICENSE_STATUS,U,OPERATOR LICENSE STATUS,UNKNOWN
HP_VEHICLE_DRIVER,OPERATOR_LICENSE_TYPE,1,OPERATOR LICENSE TYPE,OPERATOR CLASS
HP_VEHICLE_DRIVER,OPERATOR_LICENSE_TYPE,2,OPERATOR LICENSE TYPE,CDL CLASS
HP_VEHICLE_DRIVER,OPERATOR_LICENSE_TYPE,3,OPERATOR LICENSE TYPE,PERMIT
HP_VEHICLE_DRIVER,OPERATOR_LICENSE_TYPE,4,OPERATOR LICENSE TYPE,UNLICENSED
HP_VEHICLE_DRIVER,OPERATOR_LICENSE_TYPE,5,OPERATOR LICENSE TYPE,MC ONLY
HP_VEHICLE_DRIVER,OPERATOR_LICENSE_TYPE,6,OPERATOR LICENSE TYPE,INTERM / GRAD
HP_VEHICLE_DRIVER,OPERATOR_LICENSE_TYPE,9,OPERATOR LICENSE TYPE,UNKNOWN
HP_VEHICLE_DRIVER,OPERATOR_LICENSE_TYPE,N,OPERATOR LICENSE TYPE,NOT APPLICABLE
HP_VEHICLE_DRIVER,OPERATOR_LICENSE_TYPE,U,OPERATOR_LICENSE_TYPE,UNKNOWN
HP_VEHICLE_DRIVER,OPERATOR_MOTORCYCLE_QUALIFIED,A,OPERATOR MOTORCYCLE QUALIFIED,NA
HP_VEHICLE_DRIVER,OPERATOR_MOTORCYCLE_QUALIFIED,N,MOTORCYCLE QUALIFIED,NO
HP_VEHICLE_DRIVER,OPERATOR_MOTORCYCLE_QUALIFIED,U,MOTORCYCLE QUALIFIED,UNKNOWN
HP_VEHICLE_DRIVER,OPERATOR_MOTORCYCLE_QUALIFIED,Y,MOTORCYCLE QUALIFIED,YES
HP_VEHICLE_DRIVER,OTHER_VEHICLE_CODE,1,OTHER VEHICLE CODE,RIDING MOVER / GARDEN TRACTOR
HP_VEHICLE_DRIVER,OTHER_VEHICLE_CODE,2,OTHER VEHICLE CODE,GOLF CART
HP_VEHICLE_DRIVER,OTHER_VEHICLE_CODE,3,OTHER VEHICLE CODE,SNOWMOBILE
HP_VEHICLE_DRIVER,OTHER_VEHICLE_CODE,4,OTHER VEHICLE CODE,FORKLIFT
HP_VEHICLE_DRIVER,OTHER_VEHICLE_CODE,5,OTHER VEHICLE CODE,ANIMAL DRAWN VEHICLE / ANIMAL RIDDEN FOR TRANSPORTATION
HP_VEHICLE_DRIVER,OTHER_VEHICLE_CODE,6,OTHER VEHICLE CODE,LOW SPEED VEHICLE
HP_VEHICLE_DRIVER,OTHER_VEHICLE_CODE,7,OTHER VEHICLE CODE,OTHER
HP_VEHICLE_DRIVER,OTHER_VEHICLE_CODE,U,OTHER VEHICLE CODE,UNKNOWN
HP_VEHICLE_DRIVER,PRE_CRASH_DIRECTION_OF_TRAVEL,E,PRE CRASH DIRECTION OF TRAVEL,EAST
HP_VEHICLE_DRIVER,PRE_CRASH_DIRECTION_OF_TRAVEL,N,PRE CRASH DIRECTION OF TRAVEL,NORTH
HP_VEHICLE_DRIVER,PRE_CRASH_DIRECTION_OF_TRAVEL,S,PRE CRASH DIRECTION OF TRAVEL,SOUTH
HP_VEHICLE_DRIVER,PRE_CRASH_DIRECTION_OF_TRAVEL,U,PRE CRASH DIRECTION OF TRAVEL,UNKNOWN
HP_VEHICLE_DRIVER,PRE_CRASH_DIRECTION_OF_TRAVEL,W,PRE CRASH DIRECTION OF TRAVEL,WEST
HP_VEHICLE_DRIVER,SEQUENCE_OF_EVENTS,01,SEQUENCE OF EVENTS,GOING STRAIGHT
HP_VEHICLE_DRIVER,SEQUENCE_OF_EVENTS,02,SEQUENCE OF EVENTS,OVERTAKING
HP_VEHICLE_DRIVER,SEQUENCE_OF_EVENTS,03,SEQUENCE OF EVENTS,MAKING RIGHT TURN
HP_VEHICLE_DRIVER,SEQUENCE_OF_EVENTS,04,SEQUENCE OF EVENTS,RIGHT TURN ON RED
HP_VEHICLE_DRIVER,SEQUENCE_OF_EVENTS,05,SEQUENCE OF EVENTS,MAKING LEFT TURN
HP_VEHICLE_DRIVER,SEQUENCE_OF_EVENTS,06,SEQUENCE OF EVENTS,MAKING U-TURN
HP_VEHICLE_DRIVER,SEQUENCE_OF_EVENTS,07,SEQUENCE OF EVENTS,SKIDDING / SLIDING
HP_VEHICLE_DRIVER,SEQUENCE_OF_EVENTS,08,SEQUENCE OF EVENTS,SLOWING OR STOPPING
HP_VEHICLE_DRIVER,SEQUENCE_OF_EVENTS,09,SEQUENCE OF EVENTS,START IN TRAFFIC
HP_VEHICLE_DRIVER,SEQUENCE_OF_EVENTS,10,SEQUENCE OF EVENTS,START FROM PARKED
HP_VEHICLE_DRIVER,SEQUENCE_OF_EVENTS,11,SEQUENCE OF EVENTS,BACKING
HP_VEHICLE_DRIVER,SEQUENCE_OF_EVENTS,12,SEQUENCE OF EVENTS,STOPPED IN TRAFFIC
HP_VEHICLE_DRIVER,SEQUENCE_OF_EVENTS,13,SEQUENCE OF EVENTS,PARKED
HP_VEHICLE_DRIVER,SEQUENCE_OF_EVENTS,14,SEQUENCE OF EVENTS,CHANGING LANES
HP_VEHICLE_DRIVER,SEQUENCE_OF_EVENTS,15,SEQUENCE OF EVENTS,AVOIDING
HP_VEHICLE_DRIVER,SEQUENCE_OF_EVENTS,16,SEQUENCE OF EVENTS,CROSS MEDIAN
HP_VEHICLE_DRIVER,SEQUENCE_OF_EVENTS,17,SEQUENCE OF EVENTS,CROSS CENTER OF ROAD
HP_VEHICLE_DRIVER,SEQUENCE_OF_EVENTS,18,SEQUENCE OF EVENTS,CROSS ROAD
HP_VEHICLE_DRIVER,SEQUENCE_OF_EVENTS,19,SEQUENCE OF EVENTS,AIRBORNE
HP_VEHICLE_DRIVER,SEQUENCE_OF_EVENTS,20,SEQUENCE OF EVENTS,RAN OFF ROAD - RIGHT
HP_VEHICLE_DRIVER,SEQUENCE_OF_EVENTS,21,SEQUENCE OF EVENTS,RAN OFF ROAD - LEFT
HP_VEHICLE_DRIVER,SEQUENCE_OF_EVENTS,22,SEQUENCE OF EVENTS,OVERTURN / ROLLOVER
HP_VEHICLE_DRIVER,SEQUENCE_OF_EVENTS,23,SEQUENCE OF EVENTS,FIRE / EXPLOSION
HP_VEHICLE_DRIVER,SEQUENCE_OF_EVENTS,24,SEQUENCE OF EVENTS,IMMERSION
HP_VEHICLE_DRIVER,SEQUENCE_OF_EVENTS,25,SEQUENCE OF EVENTS,JACKKNIFE
HP_VEHICLE_DRIVER,SEQUENCE_OF_EVENTS,26,SEQUENCE OF EVENTS,CARGO LOSS / SHIFT
HP_VEHICLE_DRIVER,SEQUENCE_OF_EVENTS,27,SEQUENCE OF EVENTS,EQUIPMENT FAILURE
HP_VEHICLE_DRIVER,SEQUENCE_OF_EVENTS,28,SEQUENCE OF EVENTS,SEPARATION OF UNITS
HP_VEHICLE_DRIVER,SEQUENCE_OF_EVENTS,29,SEQUENCE OF EVENTS,RETURNED TO ROAD
HP_VEHICLE_DRIVER,SEQUENCE_OF_EVENTS,30,SEQUENCE OF EVENTS,COLLISION INV PEDESTRIAN
HP_VEHICLE_DRIVER,SEQUENCE_OF_EVENTS,31,SEQUENCE OF EVENTS,COLLISION INV. BICYCLE / PEDALCYCLE
HP_VEHICLE_DRIVER,SEQUENCE_OF_EVENTS,32,SEQUENCE OF EVENTS,COLLISION INV. RAILWAY VEH.
HP_VEHICLE_DRIVER,SEQUENCE_OF_EVENTS,33,SEQUENCE OF EVENTS,COLLISION INV ANIMAL
HP_VEHICLE_DRIVER,SEQUENCE_OF_EVENTS,34,SEQUENCE OF EVENTS,COLLISION INV MV IN TRANSPORT
HP_VEHICLE_DRIVER,SEQUENCE_OF_EVENTS,35,SEQUENCE OF EVENTS,COLLISION INV PARKED MV
HP_VEHICLE_DRIVER,SEQUENCE_OF_EVENTS,36,SEQUENCE OF EVENTS,COLLISION INV FIXED OBJECT
HP_VEHICLE_DRIVER,SEQUENCE_OF_EVENTS,37,SEQUENCE OF EVENTS,COLLISION INV OTHER OBJECT
HP_VEHICLE_DRIVER,SEQUENCE_OF_EVENTS,38,SEQUENCE OF EVENTS,OTHER NON COLLISION
HP_VEHICLE_DRIVER,SEQUENCE_OF_EVENTS,39,SEQUENCE OF EVENTS,COLLISION INV. BICYCLE / PEDALCYCEL IN BICYCLE LANE
HP_VEHICLE_DRIVER,SEQUENCE_OF_EVENTS,40,SEQUENCE OF EVENTS,COLLISION INV ANIMAL DRAWN VEH / ANIMAL RIDDEN FOR TRANSPORTATION
HP_VEHICLE_DRIVER,SEQUENCE_OF_EVENTS,41,SEQUENCE OF EVENTS,COLLISION INV. WORKING MV
HP_VEHICLE_DRIVER,SEQUENCE_OF_EVENTS,42,SEQUENCE OF EVENTS,DOWNHILL RUNAWAY
HP_VEHICLE_DRIVER,SEQUENCE_OF_EVENTS,43,SEQUENCE OF EVENTS,FELL / JUMPED FROM MV
HP_VEHICLE_DRIVER,SEQUENCE_OF_EVENTS,44,SEQUENCE OF EVENTS,THROWN / FALLNG OBJECT
HP_VEHICLE_DRIVER,SEQUENCE_OF_EVENTS,45,SEQUENCE OF EVENTS,"STRUCK BY FALLING, SHIFTING CARGO, OBJECT SET IN MOTION BY OWN MV"
HP_VEHICLE_DRIVER,SEQUENCE_OF_EVENTS,46,SEQUENCE OF EVENTS,RAN OFF ROADWAY - OTHER
HP_VEHICLE_DRIVER,SEQUENCE_OF_EVENTS,47,SEQUENCE OF EVENTS,CROSS SEPARATOR
HP_VEHICLE_DRIVER,SEQUENCE_OF_EVENTS,U,SEQUENCE OF EVENTS,UNKNOWN
HP_VEHICLE_DRIVER,TOWED_BECAUSE_DISABLED,N,TOWED BECAUSE DISABLED,NO
HP_VEHICLE_DRIVER,TOWED_BECAUSE_DISABLED,U,TOWED BECAUSE DISABLED,UNKNOWN
HP_VEHICLE_DRIVER,TOWED_BECAUSE_DISABLED,Y,TOWED BECAUSE DISABLED,YES
HP_VEHICLE_DRIVER,TOWED_FROM_THE_SCENE_IND,N,TOWED FROM THE SCENE IND,NO
HP_VEHICLE_DRIVER,TOWED_FROM_THE_SCENE_IND,Y,TOWED FROM THE SCENE IND,YES
HP_VEHICLE_DRIVER,TRAFFIC_CONDITION,1,TRAFFIC CONDITION,NORMAL
HP_VEHICLE_DRIVER,TRAFFIC_CONDITION,2,TRAFFIC CONDITION,CRASH AHEAD
HP_VEHICLE_DRIVER,TRAFFIC_CONDITION,3,TRAFFIC CONDITION,CONGESTION AHEAD
HP_VEHICLE_DRIVER,TRAFFIC_CONDITION,4,TRAFFIC CONDITION,OTHER INCIDENT AHEAD
HP_VEHICLE_DRIVER,TRAFFIC_CONDITION,N,TRAFFIC CONDITION,NA
HP_VEHICLE_DRIVER,TRAFFIC_CONDITION,U,TRAFFIC CONDITION,UNKNOWN
HP_VEHICLE_DRIVER,TRAFFIC_CONTROL,04,TRAFFIC CONTROL,STOP SIGN
HP_VEHICLE_DRIVER,TRAFFIC_CONTROL,05,TRAFFIC CONTROL,ELECTRIC SIGNAL
HP_VEHICLE_DRIVER,TRAFFIC_CONTROL,06,TRAFFIC CONTROL,RAILWAY CROSSING SIGN / DEVICE
HP_VEHICLE_DRIVER,TRAFFIC_CONTROL,07,TRAFFIC CONTROL,YIELD SIGN
HP_VEHICLE_DRIVER,TRAFFIC_CONTROL,08,TRAFFIC CONTROL,OFFICER / FLAGMAN
HP_VEHICLE_DRIVER,TRAFFIC_CONTROL,09,TRAFFIC CONTROL,NO PASSING ZONE
HP_VEHICLE_DRIVER,TRAFFIC_CONTROL,10,TRAFFIC CONTROL,TURN RESTRICTIONS
HP_VEHICLE_DRIVER,TRAFFIC_CONTROL,11,TRAFFIC CONTROL,SIGNAL ON SCHOOL BUS
HP_VEHICLE_DRIVER,TRAFFIC_CONTROL,12,TRAFFIC CONTROL,NONE
HP_VEHICLE_DRIVER,TRAFFIC_CONTROL,U,TRAFFIC CONTROL,UNKNOWN 
HP_VEHICLE_DRIVER,TRAFFIC_CONTROL_ELECTRIC,12,TRAFFIC CONTROL ELECTRIC,NONE
HP_VEHICLE_DRIVER,TRAFFIC_CONTROL_ELECTRIC,13,TRAFFIC CONTROL ELECTRIC,GREEN / YELLOW / RED
HP_VEHICLE_DRIVER,TRAFFIC_CONTROL_ELECTRIC,14,TRAFFIC CONTROL ELECTRIC,FLASHING RED
HP_VEHICLE_DRIVER,TRAFFIC_CONTROL_ELECTRIC,15,TRAFFIC CONTROL ELECTRIC,FLASHING YELLOW
HP_VEHICLE_DRIVER,TRAFFIC_CONTROL_ELECTRIC,16,TRAFFIC CONTROL ELECTRIC,RAMP METER
HP_VEHICLE_DRIVER,TRAFFIC_CONTROL_ELECTRIC,17,TRAFFIC CONTROL ELECTRIC,OTHER
HP_VEHICLE_DRIVER,TRAFFIC_CONTROL_ELECTRIC,U,TRAFFIC CONTROL ELECTRIC,UNKNOWN
HP_VEHICLE_DRIVER,TRAFFIC_CONTROL_OTHER,03,TRAFFIC CONTROL OTHER,SCHOOL ZONE
HP_VEHICLE_DRIVER,TRAFFIC_CONTROL_OTHER,04,TRAFFIC CONTROL OTHER,STOP SIGN
HP_VEHICLE_DRIVER,TRAFFIC_CONTROL_OTHER,06,TRAFFIC CONTROL OTHER,RAILWAY CROSSING SIGN / DEVICE
HP_VEHICLE_DRIVER,TRAFFIC_CONTROL_OTHER,07,TRAFFIC CONTROL OTHER,YIELD SIGN
HP_VEHICLE_DRIVER,TRAFFIC_CONTROL_OTHER,08,TRAFFIC CONTROL OTHER,OFFICER / FLAGMAN
HP_VEHICLE_DRIVER,TRAFFIC_CONTROL_OTHER,09,TRAFFIC CONTROL OTHER,NO PASSING ZONE
HP_VEHICLE_DRIVER,TRAFFIC_CONTROL_OTHER,10,TRAFFIC CONTROL OTHER,TURN RESTRICED
HP_VEHICLE_DRIVER,TRAFFIC_CONTROL_OTHER,11,TRAFFIC CONTROL OTHER,SIGNAL ON SCHOOL BUS
HP_VEHICLE_DRIVER,TRAFFIC_CONTROL_OTHER,12,TRAFFIC CONTROL OTHER,NONE
HP_VEHICLE_DRIVER,TRAFFIC_CONTROL_OTHER,18,TRAFFIC CONTROL OTHER,WARNING SIGN / DEVICE
HP_VEHICLE_DRIVER,TRAFFIC_CONTROL_OTHER,19,TRAFFIC CONTROL OTHER,OTHER
HP_VEHICLE_DRIVER,TRAFFIC_CONTROL_OTHER,U,TRAFFIC CONTROL OTHER,UNKNOWN
HP_VEHICLE_DRIVER,TRAFFIC_CONTROL_ZONE,1,TRAFFIC CONTROL ZONE,CONSTRUCTION ZONE
HP_VEHICLE_DRIVER,TRAFFIC_CONTROL_ZONE,2,TRAFFIC CONTROL ZONE,OTHER WORK ZONE
HP_VEHICLE_DRIVER,TRAFFIC_CONTROL_ZONE,3,TRAFFIC CONTROL ZONE,SCHOOL ZONE
HP_VEHICLE_DRIVER,VEHICLE_BODY_TYPE,01,VEHICLE BODY TYPE,PASSENGER CAR
HP_VEHICLE_DRIVER,VEHICLE_BODY_TYPE,02,VEHICLE BODY TYPE,STATION WAGON
HP_VEHICLE_DRIVER,VEHICLE_BODY_TYPE,03,VEHICLE BODY TYPE,SPORT UTILITY VEHICLE
HP_VEHICLE_DRIVER,VEHICLE_BODY_TYPE,04,VEHICLE BODY TYPE,LIMOUSINE (6-15 FOR HIRE)
HP_VEHICLE_DRIVER,VEHICLE_BODY_TYPE,05,VEHICLE BODY TYPE,VAN (< 9  W / DRIVER)
HP_VEHICLE_DRIVER,VEHICLE_BODY_TYPE,06,VEHICLE BODY TYPE,SMALL BUS (9-15 W / DRIVER)
HP_VEHICLE_DRIVER,VEHICLE_BODY_TYPE,07,VEHICLE BODY TYPE,LARGE BUS (16+ W / DRIVER)
HP_VEHICLE_DRIVER,VEHICLE_BODY_TYPE,08,VEHICLE BODY TYPE,SCHOOL BUS (LESS THAN 16 WITH DRIVER)
HP_VEHICLE_DRIVER,VEHICLE_BODY_TYPE,09,VEHICLE BODY TYPE,SCHOOL BUS (16 OR MORE WITH DRIVER)
HP_VEHICLE_DRIVER,VEHICLE_BODY_TYPE,10,VEHICLE BODY TYPE,MOTORCYCLE
HP_VEHICLE_DRIVER,VEHICLE_BODY_TYPE,11,VEHICLE BODY TYPE,ATV
HP_VEHICLE_DRIVER,VEHICLE_BODY_TYPE,12,VEHICLE BODY TYPE,MOTORIZED BICYCLE
HP_VEHICLE_DRIVER,VEHICLE_BODY_TYPE,13,VEHICLE BODY TYPE,PEDALCYCLE
HP_VEHICLE_DRIVER,VEHICLE_BODY_TYPE,14,VEHICLE BODY TYPE,MOTOR HOME
HP_VEHICLE_DRIVER,VEHICLE_BODY_TYPE,15,VEHICLE BODY TYPE,FARM IMPLEMENTS
HP_VEHICLE_DRIVER,VEHICLE_BODY_TYPE,16,VEHICLE BODY TYPE,CONSTRUCTION EQUIP. / HEAVY MACH.
HP_VEHICLE_DRIVER,VEHICLE_BODY_TYPE,17,VEHICLE BODY TYPE,OTHER VEHICLE
HP_VEHICLE_DRIVER,VEHICLE_BODY_TYPE,18,VEHICLE BODY TYPE,UNKNOWN
HP_VEHICLE_DRIVER,VEHICLE_BODY_TYPE,19,VEHICLE BODY TYPE,PICK UP
HP_VEHICLE_DRIVER,VEHICLE_BODY_TYPE,20,VEHICLE BODY TYPE,"SINGLE UNIT TRUCK-2 AXLES, 6 TIRES"
HP_VEHICLE_DRIVER,VEHICLE_BODY_TYPE,21,VEHICLE BODY TYPE,SINGLE UNIT TRUCK-3 OR MORE AXLES
HP_VEHICLE_DRIVER,VEHICLE_BODY_TYPE,22,VEHICLE BODY TYPE,TRUCK TRACTOR WITH NO UNITS
HP_VEHICLE_DRIVER,VEHICLE_BODY_TYPE,23,VEHICLE BODY TYPE,TRUCK TRACTOR WITH ONE UNIT
HP_VEHICLE_DRIVER,VEHICLE_BODY_TYPE,24,VEHICLE BODY TYPE,TRUCK TRACTOR WITH TWO UNITS
HP_VEHICLE_DRIVER,VEHICLE_BODY_TYPE,25,VEHICLE BODY TYPE,TRUCK TRACTOR WITH THREE UNITS
HP_VEHICLE_DRIVER,VEHICLE_BODY_TYPE,26,VEHICLE BODY TYPE,OTHER HEAVY TRUCK
HP_VEHICLE_DRIVER,VEHICLE_BODY_TYPE,27,VEHICLE BODY TYPE,CARGO VAN
HP_VEHICLE_DRIVER,VEHICLE_BODY_TYPE,28,VEHICLE BODY TYPE,LIMOUSINE (9-15 W / DRIVER)
HP_VEHICLE_DRIVER,VEHICLE_BODY_TYPE,29,VEHICLE BODY TYPE,LIMOUSINE (7-8 W / DRIVER)
HP_VEHICLE_DRIVER,VEHICLE_BODY_TYPE,30,VEHICLE BODY TYPE,PASSENGER VAN (9+ W / DRIVER)
HP_VEHICLE_DRIVER,VEHICLE_BODY_TYPE,U,VEHICLE BODY TYPE,UNKNOWN
HP_VEHICLE_DRIVER,VEHICLE_BUS_TYPE,1,VEHICLE BUS TYPE,SCHOOL BUS
HP_VEHICLE_DRIVER,VEHICLE_BUS_TYPE,2,VEHICLE BUS TYPE,INTERCITY BUS
HP_VEHICLE_DRIVER,VEHICLE_BUS_TYPE,3,VEHICLE BUS TYPE,TRANSIT / COMMUTER BUS
HP_VEHICLE_DRIVER,VEHICLE_BUS_TYPE,4,VEHICLE BUS TYPE,CHARTER / TOUR BUS
HP_VEHICLE_DRIVER,VEHICLE_BUS_TYPE,5,VEHICLE BUS TYPE,OTHER BUS
HP_VEHICLE_DRIVER,VEHICLE_CONVEYANCE,N,VEHICLE CONVEYANCE,NO
HP_VEHICLE_DRIVER,VEHICLE_CONVEYANCE,Y,VEHICLE CONVEYANCE,YES
HP_VEHICLE_DRIVER,VEHICLE_TYPE,1,VEHICLE TYPE,MOTOR VEHICLE IN TRANSPORT
HP_VEHICLE_DRIVER,VEHICLE_TYPE,2,VEHICLE TYPE,PARKED MOTOR VEHICLE
HP_VEHICLE_DRIVER,VEHICLE_TYPE,3,VEHICLE TYPE,WORKING MOTOR VEHICLE
HP_VEHICLE_DRIVER,VEHICLE_TYPE,4,VEHICLE TYPE,PEDALCYCLE
HP_VEHICLE_DRIVER,VEHICLE_TYPE,5,VEHICLE TYPE,ANIMAL DRAWN VEHICLE / ANIMAL RIDDEN FOR TRANSPORT PURPOSES
HP_VEHICLE_DRIVER,VEHICLE_TYPE,6,VEHICLE TYPE,RAILWAY VEHICLE
HP_VEHICLE_DRIVER,VEHICLE_TYPE,U,VEHICLE_TYPE,UNKNOWN
HP_VEHICLE_DRIVER,VISION_OBSCURED,01,VISION OBSCURED,WINDSHIELD
HP_VEHICLE_DRIVER,VISION_OBSCURED,02,VISION OBSCURED,LOAD ON VEH
HP_VEHICLE_DRIVER,VISION_OBSCURED,03,VISION OBSCURED,TREES / BRUSH
HP_VEHICLE_DRIVER,VISION_OBSCURED,04,VISION OBSCURED,BUILDING
HP_VEHICLE_DRIVER,VISION_OBSCURED,05,VISION OBSCURED,EMBANKMENT
HP_VEHICLE_DRIVER,VISION_OBSCURED,06,VISION OBSCURED,SIGN
HP_VEHICLE_DRIVER,VISION_OBSCURED,07,VISION OBSCURED,HILLCREST
HP_VEHICLE_DRIVER,VISION_OBSCURED,08,VISION OBSCURED,PARKED VEH
HP_VEHICLE_DRIVER,VISION_OBSCURED,09,VISION OBSCURED,MOVING VEH
HP_VEHICLE_DRIVER,VISION_OBSCURED,10,VISION OBSCURED,GLARE
HP_VEHICLE_DRIVER,VISION_OBSCURED,11,VISION OBSCURED,OTHER
HP_VEHICLE_DRIVER,VISION_OBSCURED,12,VISION OBSCURED,NOT OBSTRUCTED
HP_VEHICLE_DRIVER,VISION_OBSCURED,13,VISION OBSCURED,STOPPED VEHICLE
HP_VEHICLE_DRIVER,VISION_OBSCURED,13,VISION OBSCURED,STOPPED VEH
HP_VEHICLE_DRIVER,VISION_OBSCURED,N,VISION OBSCURED,NA
HP_VEHICLE_DRIVER,VISION_OBSCURED,U,VISION OBSCURED,UNKNOWN
HP_VEHICLE_DRIVER,VISION_OBSCURED,U,VISION OBSCURED,OBSCUREMENT UNKNOWN
HP_VEHICLE_DRIVER,WORKERS_PRESENT_IND,N,WORKERS PRESENT IND,NO
HP_VEHICLE_DRIVER,WORKERS_PRESENT_IND,U,WORKERS PRESENT IND,UNKNOWN
HP_VEHICLE_DRIVER,WORKERS_PRESENT_IND,Y,WORKERS PRESENT IND,YES
HP_VEHICLE_DRIVER,WORK_ZONE,N,WORK ZONE,NO
HP_VEHICLE_DRIVER,WORK_ZONE,U,WORK ZONE,UNKNOWN
HP_VEHICLE_DRIVER,WORK_ZONE,Y,WORK ZONE,YES
